2026/05/04 14:39:00 [INFO]  itchio-pak v1.0.11 starting
2026/05/04 14:39:00 [INFO]  Git commit: 68e4178
2026/05/04 14:39:00 [DEBUG] inventory: loaded 4 entries from /mnt/SDCARD/.userdata/shared/Itch-io/inventory.json
2026/05/04 14:39:00 [INFO]  inventory: cleaned 0 stale file(s)
2026/05/04 14:39:00 [INFO]  platform=tg5040 nextui=NextUI-20260407-0 log_level=debug
sh: setterm: not found
2026/05/04 14:39:00 [INFO]  display: 1024x768
2026/05/04 14:39:00 [INFO]  theme: loaded from /mnt/SDCARD/.userdata/shared/minuisettings.txt
2026/05/04 14:39:00 [DEBUG] theme: bg=#000000 accent=#9B2257 main=#FFFFFF
2026/05/04 14:39:00 [INFO]  theme: available=true, active=false
2026/05/04 14:39:00 [INFO]  renderer: fallback font loaded: font_fallback_arabic.ttf
2026/05/04 14:39:00 [INFO]  renderer: fallback font loaded: font_fallback_devanagari.ttf
2026/05/04 14:39:00 [INFO]  renderer: fallback font loaded: font_fallback_hebrew.ttf
2026/05/04 14:39:00 [INFO]  renderer: fallback font loaded: font_fallback_thai.ttf
2026/05/04 14:39:00 [INFO]  update-svc: checking 4 inventory entries
2026/05/04 14:39:00 [DEBUG] update-svc: cover art present for Glory Hunters 2.0.zip
2026/05/04 14:39:00 [DEBUG] game: fetching detail https://2think.itch.io/glory-hunters
2026/05/04 14:39:00 [INFO]  cache: loaded 1319 games from /mnt/SDCARD/.userdata/shared/Itch-io/games_cache.json (age=4h48m14s)
2026/05/04 14:39:00 [DEBUG] sort: view rebuilt — 1319 games visible (mode=RSS), selection gone; landing at nearest position (page=1, cursor=0)
2026/05/04 14:39:00 [INFO]  dev: DEV_START_SCREEN="settings"
2026/05/04 14:39:00 [DEBUG] cache: fresh (age=4h48m14s), skipping background refresh
2026/05/04 14:39:00 [DEBUG] validate: background API key check starting
2026/05/04 14:39:00 [INFO]  power: monitoring /dev/input/event1 for power key events
2026/05/04 14:39:00 [INFO]  validate: API key valid
2026/05/04 14:39:01 [DEBUG] game: gameID="1206111"
2026/05/04 14:39:01 [DEBUG] game: 9 page tags: [8-bit action-adventure analogue-pocket gameboy gameboy-rom homebrew pixel-art retro top-down-adventure]
2026/05/04 14:39:01 [DEBUG] game: 4 screenshots found
2026/05/04 14:39:01 [DEBUG] game: 1 bundle name(s): [✨Glory Hunters Collection 2026✨]
2026/05/04 14:39:01 [DEBUG] update-svc: paid game https://2think.itch.io/glory-hunters reachable, no file diff
2026/05/04 14:39:01 [DEBUG] update-svc: cover art present for 2021MoonEscapeDX.gb
2026/05/04 14:39:01 [DEBUG] game: fetching detail https://mike-yamato.itch.io/2021-moon-escape
2026/05/04 14:39:01 [DEBUG] game: gameID="1548566"
2026/05/04 14:39:01 [DEBUG] game: 10 page tags: [8-bit emulator exploration game-boy gameboy gbc gbstudio pixel-art retro science-fiction]
2026/05/04 14:39:01 [DEBUG] game: 15 screenshots found
2026/05/04 14:39:01 [DEBUG] game: 0 bundle name(s): []
2026/05/04 14:39:01 [DEBUG] update-svc: paid game https://mike-yamato.itch.io/2021-moon-escape reachable, no file diff
2026/05/04 14:39:01 [DEBUG] update-svc: cover art present for Capybara-Village-Update1.gb
2026/05/04 14:39:01 [DEBUG] update-svc: cover art present for Capybara-Village-Update1.gb
2026/05/04 14:39:01 [DEBUG] update-svc: cover art present for Capybara-Village-Update1.gb
2026/05/04 14:39:02 [DEBUG] uploads: signed download URL received
2026/05/04 14:39:02 [DEBUG] uploads: download key extracted
2026/05/04 14:39:02 [DEBUG] download-page: fetching signed download page
2026/05/04 14:39:02 [DEBUG] download-page: CSRF token present
2026/05/04 14:39:02 [DEBUG] download-page: found ROM Capybara-Village-Update1.gb id=10398331
2026/05/04 14:39:02 [DEBUG] download-page: skipping Capybara-Village-Update1.pocket (ext=".pocket")
2026/05/04 14:39:02 [DEBUG] download-page: found ROM Game-Jam-Submission-Version.gb id=10242324
2026/05/04 14:39:02 [INFO]  download-page: 2 known ROM(s), 0 unknown-format file(s)
2026/05/04 14:39:02 [DEBUG] uploads: found Capybara-Village-Update1.gb id=10398331
2026/05/04 14:39:02 [DEBUG] uploads: found Game-Jam-Submission-Version.gb id=10242324
2026/05/04 14:39:02 [DEBUG] update-svc: https://playinstinct.itch.io/capybara-village — 2 upstream file(s) recorded
2026/05/04 14:39:02 [DEBUG] update-svc: cover art present for SOLASTRA v1.1.2.gb
2026/05/04 14:39:02 [DEBUG] game: fetching detail https://vorvy.itch.io/solastra
2026/05/04 14:39:03 [DEBUG] game: gameID="4228927"
2026/05/04 14:39:03 [DEBUG] game: 10 page tags: [atmospheric cozy dark exploration gameboy mystery science-fiction space storygame story-rich]
2026/05/04 14:39:03 [DEBUG] game: 6 screenshots found
2026/05/04 14:39:03 [DEBUG] game: 0 bundle name(s): []
2026/05/04 14:39:03 [DEBUG] update-svc: paid game https://vorvy.itch.io/solastra reachable, no file diff
2026/05/04 14:39:03 [DEBUG] inventory: saved 4 entries to /mnt/SDCARD/.userdata/shared/Itch-io/inventory.json
2026/05/04 14:39:03 [INFO]  update-svc: check complete
2026/05/04 14:39:40 [DEBUG] sort: view rebuilt — 1319 games visible (mode=RSS), restored selection to "https://objetdiscret.itch.io/tai-fab-museum" (page=1, cursor=0)
2026/05/04 14:39:40 [DEBUG] image cache: warming https://img.itch.zone/aW1nLzE4MDI4MjE2LnBuZw==/315x250%23c/Hpq47V.png
2026/05/04 14:39:40 [DEBUG] image cache: warming https://img.itch.zone/aW1nLzE1ODMyNTkyLnBuZw==/315x250%23c/B2dHzw.png
2026/05/04 14:39:40 [DEBUG] image cache: warming https://img.itch.zone/aW1nLzIzMTUyNzY2LnBuZw==/315x250%23c/nY%2BXgU.png
2026/05/04 14:39:40 [DEBUG] image cache: warming https://img.itch.zone/aW1nLzQ3OTQxNzYuZ2lm/original/rsKsF9.gif
2026/05/04 14:39:40 [DEBUG] image cache: warming https://img.itch.zone/aW1nLzE4MjAxMjk1LnBuZw==/315x250%23c/FVld1%2B.png
2026/05/04 14:39:40 [DEBUG] image cache: warming https://img.itch.zone/aW1nLzI1Njg2MDQyLnBuZw==/315x250%23c/vQNlj9.png
2026/05/04 14:39:40 [DEBUG] cover: warmed window abs=0 ±5 (1319 games in view)
2026/05/04 14:39:40 [DEBUG] image cache: fetch https://img.itch.zone/aW1nLzE4MDI4MjE2LnBuZw==/315x250%23c/Hpq47V.png
2026/05/04 14:39:40 [DEBUG] image cache: fetch https://img.itch.zone/aW1nLzE1ODMyNTkyLnBuZw==/315x250%23c/B2dHzw.png
2026/05/04 14:39:40 [DEBUG] image cache: decoded https://img.itch.zone/aW1nLzE4MDI4MjE2LnBuZw==/315x250%23c/Hpq47V.png as png (11266 bytes)
2026/05/04 14:39:40 [DEBUG] image cache: static https://img.itch.zone/aW1nLzE4MDI4MjE2LnBuZw==/315x250%23c/Hpq47V.png
2026/05/04 14:39:40 [DEBUG] image cache: fetch https://img.itch.zone/aW1nLzQ3OTQxNzYuZ2lm/original/rsKsF9.gif
2026/05/04 14:39:40 [DEBUG] image cache: uploaded static https://img.itch.zone/aW1nLzE4MDI4MjE2LnBuZw==/315x250%23c/Hpq47V.png (315x250)
2026/05/04 14:39:40 [DEBUG] image cache: decoded https://img.itch.zone/aW1nLzE1ODMyNTkyLnBuZw==/315x250%23c/B2dHzw.png as png (26336 bytes)
2026/05/04 14:39:40 [DEBUG] image cache: static https://img.itch.zone/aW1nLzE1ODMyNTkyLnBuZw==/315x250%23c/B2dHzw.png
2026/05/04 14:39:40 [DEBUG] image cache: fetch https://img.itch.zone/aW1nLzIzMTUyNzY2LnBuZw==/315x250%23c/nY%2BXgU.png
2026/05/04 14:39:40 [DEBUG] image cache: decoded https://img.itch.zone/aW1nLzQ3OTQxNzYuZ2lm/original/rsKsF9.gif as gif (59188 bytes)
2026/05/04 14:39:40 [DEBUG] image cache: decoded https://img.itch.zone/aW1nLzIzMTUyNzY2LnBuZw==/315x250%23c/nY%2BXgU.png as png (45087 bytes)
2026/05/04 14:39:40 [DEBUG] image cache: static https://img.itch.zone/aW1nLzIzMTUyNzY2LnBuZw==/315x250%23c/nY%2BXgU.png
2026/05/04 14:39:40 [DEBUG] image cache: fetch https://img.itch.zone/aW1nLzE4MjAxMjk1LnBuZw==/315x250%23c/FVld1%2B.png
2026/05/04 14:39:40 [DEBUG] image cache: uploaded static https://img.itch.zone/aW1nLzE1ODMyNTkyLnBuZw==/315x250%23c/B2dHzw.png (315x250)
2026/05/04 14:39:40 [DEBUG] image cache: uploaded static https://img.itch.zone/aW1nLzIzMTUyNzY2LnBuZw==/315x250%23c/nY%2BXgU.png (315x250)
2026/05/04 14:39:40 [DEBUG] image cache: decoded https://img.itch.zone/aW1nLzE4MjAxMjk1LnBuZw==/315x250%23c/FVld1%2B.png as png (48879 bytes)
2026/05/04 14:39:40 [DEBUG] image cache: static https://img.itch.zone/aW1nLzE4MjAxMjk1LnBuZw==/315x250%23c/FVld1%2B.png
2026/05/04 14:39:40 [DEBUG] image cache: fetch https://img.itch.zone/aW1nLzI1Njg2MDQyLnBuZw==/315x250%23c/vQNlj9.png
2026/05/04 14:39:40 [DEBUG] image cache: animated GIF https://img.itch.zone/aW1nLzQ3OTQxNzYuZ2lm/original/rsKsF9.gif (79 frames)
2026/05/04 14:39:40 [DEBUG] image cache: uploaded static https://img.itch.zone/aW1nLzE4MjAxMjk1LnBuZw==/315x250%23c/FVld1%2B.png (315x250)
2026/05/04 14:39:40 [DEBUG] image cache: decoded https://img.itch.zone/aW1nLzI1Njg2MDQyLnBuZw==/315x250%23c/vQNlj9.png as png (52177 bytes)
2026/05/04 14:39:40 [DEBUG] image cache: static https://img.itch.zone/aW1nLzI1Njg2MDQyLnBuZw==/315x250%23c/vQNlj9.png
2026/05/04 14:39:40 [DEBUG] image cache: uploaded static https://img.itch.zone/aW1nLzI1Njg2MDQyLnBuZw==/315x250%23c/vQNlj9.png (315x250)
sh: setterm: not found
2026/05/04 14:39:55 [INFO]  itchio-pak v1.0.11 starting
2026/05/04 14:39:55 [INFO]  Git commit: 68e4178
2026/05/04 14:39:55 [DEBUG] inventory: loaded 4 entries from /mnt/SDCARD/.userdata/shared/Itch-io/inventory.json
2026/05/04 14:39:55 [INFO]  inventory: cleaned 0 stale file(s)
2026/05/04 14:39:55 [INFO]  platform=tg5040 nextui=NextUI-20260407-0 log_level=debug
2026/05/04 14:39:55 [INFO]  display: 1024x768
2026/05/04 14:39:55 [INFO]  theme: loaded from /mnt/SDCARD/.userdata/shared/minuisettings.txt
2026/05/04 14:39:55 [DEBUG] theme: bg=#000000 accent=#9B2257 main=#FFFFFF
2026/05/04 14:39:55 [INFO]  theme: available=true, active=false
2026/05/04 14:39:55 [INFO]  renderer: fallback font loaded: font_fallback_arabic.ttf
2026/05/04 14:39:55 [INFO]  renderer: fallback font loaded: font_fallback_devanagari.ttf
2026/05/04 14:39:55 [INFO]  renderer: fallback font loaded: font_fallback_hebrew.ttf
2026/05/04 14:39:55 [INFO]  renderer: fallback font loaded: font_fallback_thai.ttf
2026/05/04 14:39:55 [INFO]  update-svc: checking 4 inventory entries
2026/05/04 14:39:55 [DEBUG] update-svc: cover art present for SOLASTRA v1.1.2.gb
2026/05/04 14:39:55 [DEBUG] game: fetching detail https://vorvy.itch.io/solastra
2026/05/04 14:39:55 [INFO]  power: monitoring /dev/input/event1 for power key events
2026/05/04 14:39:55 [INFO]  cache: loaded 1319 games from /mnt/SDCARD/.userdata/shared/Itch-io/games_cache.json (age=4h49m9s)
2026/05/04 14:39:55 [DEBUG] sort: view rebuilt — 1319 games visible (mode=RSS), selection gone; landing at nearest position (page=1, cursor=0)
2026/05/04 14:39:55 [DEBUG] cache: fresh (age=4h49m9s), skipping background refresh
2026/05/04 14:39:55 [DEBUG] game: gameID="4228927"
2026/05/04 14:39:55 [DEBUG] game: 10 page tags: [atmospheric cozy dark exploration gameboy mystery science-fiction space storygame story-rich]
2026/05/04 14:39:55 [DEBUG] game: 6 screenshots found
2026/05/04 14:39:55 [DEBUG] game: 0 bundle name(s): []
2026/05/04 14:39:55 [DEBUG] update-svc: paid game https://vorvy.itch.io/solastra reachable, no file diff
2026/05/04 14:39:55 [DEBUG] update-svc: cover art present for Glory Hunters 2.0.zip
2026/05/04 14:39:55 [DEBUG] game: fetching detail https://2think.itch.io/glory-hunters
2026/05/04 14:39:55 [DEBUG] image cache: warming https://img.itch.zone/aW1nLzE4MDI4MjE2LnBuZw==/315x250%23c/Hpq47V.png
2026/05/04 14:39:55 [DEBUG] image cache: warming https://img.itch.zone/aW1nLzE1ODMyNTkyLnBuZw==/315x250%23c/B2dHzw.png
2026/05/04 14:39:55 [DEBUG] image cache: warming https://img.itch.zone/aW1nLzIzMTUyNzY2LnBuZw==/315x250%23c/nY%2BXgU.png
2026/05/04 14:39:55 [DEBUG] image cache: warming https://img.itch.zone/aW1nLzQ3OTQxNzYuZ2lm/original/rsKsF9.gif
2026/05/04 14:39:55 [DEBUG] image cache: warming https://img.itch.zone/aW1nLzE4MjAxMjk1LnBuZw==/315x250%23c/FVld1%2B.png
2026/05/04 14:39:55 [DEBUG] image cache: warming https://img.itch.zone/aW1nLzI1Njg2MDQyLnBuZw==/315x250%23c/vQNlj9.png
2026/05/04 14:39:55 [DEBUG] image cache: fetch https://img.itch.zone/aW1nLzE1ODMyNTkyLnBuZw==/315x250%23c/B2dHzw.png
2026/05/04 14:39:55 [DEBUG] cover: warmed window abs=0 ±5 (1319 games in view)
2026/05/04 14:39:55 [DEBUG] image cache: fetch https://img.itch.zone/aW1nLzE4MDI4MjE2LnBuZw==/315x250%23c/Hpq47V.png
2026/05/04 14:39:56 [DEBUG] image cache: decoded https://img.itch.zone/aW1nLzE1ODMyNTkyLnBuZw==/315x250%23c/B2dHzw.png as png (26336 bytes)
2026/05/04 14:39:56 [DEBUG] image cache: static https://img.itch.zone/aW1nLzE1ODMyNTkyLnBuZw==/315x250%23c/B2dHzw.png
2026/05/04 14:39:56 [DEBUG] image cache: fetch https://img.itch.zone/aW1nLzIzMTUyNzY2LnBuZw==/315x250%23c/nY%2BXgU.png
2026/05/04 14:39:56 [DEBUG] image cache: uploaded static https://img.itch.zone/aW1nLzE1ODMyNTkyLnBuZw==/315x250%23c/B2dHzw.png (315x250)
2026/05/04 14:39:56 [DEBUG] image cache: decoded https://img.itch.zone/aW1nLzE4MDI4MjE2LnBuZw==/315x250%23c/Hpq47V.png as png (11266 bytes)
2026/05/04 14:39:56 [DEBUG] image cache: static https://img.itch.zone/aW1nLzE4MDI4MjE2LnBuZw==/315x250%23c/Hpq47V.png
2026/05/04 14:39:56 [DEBUG] image cache: fetch https://img.itch.zone/aW1nLzQ3OTQxNzYuZ2lm/original/rsKsF9.gif
2026/05/04 14:39:56 [DEBUG] image cache: decoded https://img.itch.zone/aW1nLzIzMTUyNzY2LnBuZw==/315x250%23c/nY%2BXgU.png as png (45087 bytes)
2026/05/04 14:39:56 [DEBUG] image cache: static https://img.itch.zone/aW1nLzIzMTUyNzY2LnBuZw==/315x250%23c/nY%2BXgU.png
2026/05/04 14:39:56 [DEBUG] image cache: fetch https://img.itch.zone/aW1nLzE4MjAxMjk1LnBuZw==/315x250%23c/FVld1%2B.png
2026/05/04 14:39:56 [DEBUG] game: gameID="1206111"
2026/05/04 14:39:56 [DEBUG] game: 9 page tags: [8-bit action-adventure analogue-pocket gameboy gameboy-rom homebrew pixel-art retro top-down-adventure]
2026/05/04 14:39:56 [DEBUG] game: 4 screenshots found
2026/05/04 14:39:56 [DEBUG] game: 1 bundle name(s): [✨Glory Hunters Collection 2026✨]
2026/05/04 14:39:56 [DEBUG] update-svc: paid game https://2think.itch.io/glory-hunters reachable, no file diff
2026/05/04 14:39:56 [DEBUG] update-svc: cover art present for 2021MoonEscapeDX.gb
2026/05/04 14:39:56 [DEBUG] game: fetching detail https://mike-yamato.itch.io/2021-moon-escape
2026/05/04 14:39:56 [DEBUG] image cache: uploaded static https://img.itch.zone/aW1nLzE4MDI4MjE2LnBuZw==/315x250%23c/Hpq47V.png (315x250)
2026/05/04 14:39:56 [DEBUG] image cache: uploaded static https://img.itch.zone/aW1nLzIzMTUyNzY2LnBuZw==/315x250%23c/nY%2BXgU.png (315x250)
2026/05/04 14:39:56 [DEBUG] image cache: decoded https://img.itch.zone/aW1nLzQ3OTQxNzYuZ2lm/original/rsKsF9.gif as gif (59188 bytes)
2026/05/04 14:39:56 [DEBUG] image cache: decoded https://img.itch.zone/aW1nLzE4MjAxMjk1LnBuZw==/315x250%23c/FVld1%2B.png as png (48879 bytes)
2026/05/04 14:39:56 [DEBUG] image cache: static https://img.itch.zone/aW1nLzE4MjAxMjk1LnBuZw==/315x250%23c/FVld1%2B.png
2026/05/04 14:39:56 [DEBUG] image cache: fetch https://img.itch.zone/aW1nLzI1Njg2MDQyLnBuZw==/315x250%23c/vQNlj9.png
2026/05/04 14:39:56 [DEBUG] image cache: animated GIF https://img.itch.zone/aW1nLzQ3OTQxNzYuZ2lm/original/rsKsF9.gif (79 frames)
2026/05/04 14:39:56 [DEBUG] image cache: uploaded static https://img.itch.zone/aW1nLzE4MjAxMjk1LnBuZw==/315x250%23c/FVld1%2B.png (315x250)
2026/05/04 14:39:56 [DEBUG] image cache: decoded https://img.itch.zone/aW1nLzI1Njg2MDQyLnBuZw==/315x250%23c/vQNlj9.png as png (52177 bytes)
2026/05/04 14:39:56 [DEBUG] image cache: static https://img.itch.zone/aW1nLzI1Njg2MDQyLnBuZw==/315x250%23c/vQNlj9.png
2026/05/04 14:39:56 [DEBUG] image cache: uploaded static https://img.itch.zone/aW1nLzI1Njg2MDQyLnBuZw==/315x250%23c/vQNlj9.png (315x250)
2026/05/04 14:39:56 [DEBUG] validate: background API key check starting
2026/05/04 14:39:56 [DEBUG] game: gameID="1548566"
2026/05/04 14:39:56 [DEBUG] game: 10 page tags: [8-bit emulator exploration game-boy gameboy gbc gbstudio pixel-art retro science-fiction]
2026/05/04 14:39:56 [DEBUG] game: 15 screenshots found
2026/05/04 14:39:56 [DEBUG] game: 0 bundle name(s): []
2026/05/04 14:39:56 [DEBUG] update-svc: paid game https://mike-yamato.itch.io/2021-moon-escape reachable, no file diff
2026/05/04 14:39:56 [DEBUG] update-svc: cover art present for Capybara-Village-Update1.gb
2026/05/04 14:39:56 [DEBUG] update-svc: cover art present for Capybara-Village-Update1.gb
2026/05/04 14:39:56 [DEBUG] update-svc: cover art present for Capybara-Village-Update1.gb
2026/05/04 14:39:57 [INFO]  validate: API key valid
2026/05/04 14:39:57 [DEBUG] image cache: uploaded animated https://img.itch.zone/aW1nLzQ3OTQxNzYuZ2lm/original/rsKsF9.gif (64 frames, 601x537)
2026/05/04 14:39:57 [DEBUG] uploads: signed download URL received
2026/05/04 14:39:57 [DEBUG] uploads: download key extracted
2026/05/04 14:39:57 [DEBUG] download-page: fetching signed download page
2026/05/04 14:39:58 [DEBUG] download-page: CSRF token present
2026/05/04 14:39:58 [DEBUG] download-page: found ROM Capybara-Village-Update1.gb id=10398331
2026/05/04 14:39:58 [DEBUG] download-page: skipping Capybara-Village-Update1.pocket (ext=".pocket")
2026/05/04 14:39:58 [DEBUG] download-page: found ROM Game-Jam-Submission-Version.gb id=10242324
2026/05/04 14:39:58 [INFO]  download-page: 2 known ROM(s), 0 unknown-format file(s)
2026/05/04 14:39:58 [DEBUG] uploads: found Capybara-Village-Update1.gb id=10398331
2026/05/04 14:39:58 [DEBUG] uploads: found Game-Jam-Submission-Version.gb id=10242324
2026/05/04 14:39:58 [DEBUG] update-svc: https://playinstinct.itch.io/capybara-village — 2 upstream file(s) recorded
2026/05/04 14:39:58 [DEBUG] inventory: saved 4 entries to /mnt/SDCARD/.userdata/shared/Itch-io/inventory.json
2026/05/04 14:39:58 [INFO]  update-svc: check complete
2026/05/04 14:40:05 [DEBUG] sort: view rebuilt — 1319 games visible (mode=RSS), restored selection to "https://objetdiscret.itch.io/tai-fab-museum" (page=1, cursor=0)
2026/05/04 14:40:06 [DEBUG] cover: warmed window abs=0 ±5 (1319 games in view)
2026/05/04 14:40:07 [DEBUG] image cache: warming https://img.itch.zone/aW1nLzEwMzI0OTAyLmpwZw==/315x250%23c/GOUNny.jpg
2026/05/04 14:40:07 [DEBUG] cover: warmed window abs=1 ±5 (1319 games in view)
2026/05/04 14:40:07 [DEBUG] image cache: fetch https://img.itch.zone/aW1nLzEwMzI0OTAyLmpwZw==/315x250%23c/GOUNny.jpg
2026/05/04 14:40:07 [DEBUG] image cache: decoded https://img.itch.zone/aW1nLzEwMzI0OTAyLmpwZw==/315x250%23c/GOUNny.jpg as png (47929 bytes)
2026/05/04 14:40:07 [DEBUG] image cache: static https://img.itch.zone/aW1nLzEwMzI0OTAyLmpwZw==/315x250%23c/GOUNny.jpg
2026/05/04 14:40:07 [DEBUG] image cache: uploaded static https://img.itch.zone/aW1nLzEwMzI0OTAyLmpwZw==/315x250%23c/GOUNny.jpg (315x250)
2026/05/04 14:40:07 [DEBUG] detail: fetching https://2think.itch.io/glory-hunters
2026/05/04 14:40:07 [DEBUG] game: fetching detail https://2think.itch.io/glory-hunters
2026/05/04 14:40:08 [DEBUG] game: gameID="1206111"
2026/05/04 14:40:08 [DEBUG] game: 9 page tags: [8-bit action-adventure analogue-pocket gameboy gameboy-rom homebrew pixel-art retro top-down-adventure]
2026/05/04 14:40:08 [DEBUG] game: 4 screenshots found
2026/05/04 14:40:08 [DEBUG] game: 1 bundle name(s): [✨Glory Hunters Collection 2026✨]
2026/05/04 14:40:08 [INFO]  detail: 4 screenshots
2026/05/04 14:40:09 [DEBUG] fetch: isFree=false apiKey=true detailNil=false gameID="1206111" useAuthPath=true
2026/05/04 14:40:09 [DEBUG] auth: owned-keys page 1 — 32 entries
2026/05/04 14:40:09 [DEBUG] auth: found 2 owned key(s) for game_id=1206111
2026/05/04 14:40:10 [DEBUG] purchase-picker: selected key id=153669792 purchase_id=36125860
2026/05/04 14:40:10 [DEBUG] auth: fetching upload list for game_id=1206111
2026/05/04 14:40:11 [DEBUG] auth: found ROM GloryHuntersWeb.zip id=10224409
2026/05/04 14:40:11 [DEBUG] auth: found ROM Glory Hunters 2.0.zip id=15785719
2026/05/04 14:40:11 [DEBUG] auth: found ROM Glory Hunters 1.3 ROM Files.zip id=10543595
2026/05/04 14:40:11 [DEBUG] auth: found ROM Digital Deluxe Itch 4.0.zip id=15375409
2026/05/04 14:40:11 [DEBUG] auth: 4 known ROM(s), 0 unknown-format from 4 total uploads
2026/05/04 14:40:12 [INFO]  download: starting "Glory Hunters" file=Glory Hunters 2.0.zip dest=/mnt/SDCARD/Roms/Game Boy Color (GBC)/Glory Hunters 2.0.zip auth=true
2026/05/04 14:40:12 [DEBUG] auth: resolving CDN for upload id=15785719
2026/05/04 14:40:13 [INFO]  auth: streaming to /mnt/SDCARD/Roms/Game Boy Color (GBC)/Glory Hunters 2.0.zip
2026/05/04 14:40:13 [INFO]  stream: → /mnt/SDCARD/Roms/Game Boy Color (GBC)/Glory Hunters 2.0.zip (11106070 bytes)
2026/05/04 14:40:16 [INFO]  stream: done, wrote 11106070 bytes
2026/05/04 14:40:16 [INFO]  download: complete file=Glory Hunters 2.0.zip
2026/05/04 14:40:16 [INFO]  unified-naming: renamed "Glory Hunters 2.0.zip" → "Glory Hunters (2).zip"
2026/05/04 14:40:16 [INFO]  cover-art: downloading for Glory Hunters (2).zip
2026/05/04 14:40:16 [DEBUG] cover-art: decoded Glory Hunters (2).png as png
2026/05/04 14:40:16 [INFO]  cover-art: saved → /mnt/SDCARD/Roms/Game Boy Color (GBC)/.media/Glory Hunters (2).png
2026/05/04 14:40:16 [DEBUG] inventory: saved 4 entries to /mnt/SDCARD/.userdata/shared/Itch-io/inventory.json
2026/05/04 14:40:16 [INFO]  inventory: recorded game="Glory Hunters" file=Glory Hunters (2).zip unified=true
2026/05/04 14:40:18 [DEBUG] sort: view rebuilt — 1319 games visible (mode=RSS), restored selection to "https://2think.itch.io/glory-hunters" (page=1, cursor=1)
2026/05/04 14:40:18 [DEBUG] cover: warmed window abs=1 ±5 (1319 games in view)
2026/05/04 14:40:21 [DEBUG] image cache: warming https://img.itch.zone/aW1nLzIxMDcwMzc3LmpwZw==/315x250%23c/7z6buh.jpg
2026/05/04 14:40:21 [DEBUG] cover: warmed window abs=2 ±5 (1319 games in view)
2026/05/04 14:40:21 [DEBUG] image cache: fetch https://img.itch.zone/aW1nLzIxMDcwMzc3LmpwZw==/315x250%23c/7z6buh.jpg
2026/05/04 14:40:21 [DEBUG] image cache: decoded https://img.itch.zone/aW1nLzIxMDcwMzc3LmpwZw==/315x250%23c/7z6buh.jpg as png (33094 bytes)
2026/05/04 14:40:21 [DEBUG] image cache: static https://img.itch.zone/aW1nLzIxMDcwMzc3LmpwZw==/315x250%23c/7z6buh.jpg
2026/05/04 14:40:21 [DEBUG] image cache: uploaded static https://img.itch.zone/aW1nLzIxMDcwMzc3LmpwZw==/315x250%23c/7z6buh.jpg (315x250)
2026/05/04 14:40:21 [DEBUG] image cache: warming https://img.itch.zone/aW1nLzE4MjAxMDE4LnBuZw==/315x250%23c/1Ue6rN.png
2026/05/04 14:40:21 [DEBUG] cover: warmed window abs=3 ±5 (1319 games in view)
2026/05/04 14:40:21 [DEBUG] image cache: fetch https://img.itch.zone/aW1nLzE4MjAxMDE4LnBuZw==/315x250%23c/1Ue6rN.png
2026/05/04 14:40:21 [DEBUG] image cache: decoded https://img.itch.zone/aW1nLzE4MjAxMDE4LnBuZw==/315x250%23c/1Ue6rN.png as png (57982 bytes)
2026/05/04 14:40:21 [DEBUG] image cache: static https://img.itch.zone/aW1nLzE4MjAxMDE4LnBuZw==/315x250%23c/1Ue6rN.png
2026/05/04 14:40:21 [DEBUG] image cache: uploaded static https://img.itch.zone/aW1nLzE4MjAxMDE4LnBuZw==/315x250%23c/1Ue6rN.png (315x250)
2026/05/04 14:40:21 [DEBUG] image cache: warming https://img.itch.zone/aW1nLzUwMjQyOTcucG5n/315x250%23c/AybqWj.png
2026/05/04 14:40:21 [DEBUG] cover: warmed window abs=4 ±5 (1319 games in view)
2026/05/04 14:40:21 [DEBUG] image cache: fetch https://img.itch.zone/aW1nLzUwMjQyOTcucG5n/315x250%23c/AybqWj.png
2026/05/04 14:40:21 [DEBUG] image cache: decoded https://img.itch.zone/aW1nLzUwMjQyOTcucG5n/315x250%23c/AybqWj.png as png (57128 bytes)
2026/05/04 14:40:21 [DEBUG] image cache: static https://img.itch.zone/aW1nLzUwMjQyOTcucG5n/315x250%23c/AybqWj.png
2026/05/04 14:40:21 [DEBUG] image cache: uploaded static https://img.itch.zone/aW1nLzUwMjQyOTcucG5n/315x250%23c/AybqWj.png (315x250)
2026/05/04 14:40:23 [DEBUG] image cache: warming https://img.itch.zone/aW1nLzE4MTI1MzU3LnBuZw==/315x250%23c/lVq3BJ.png
2026/05/04 14:40:23 [DEBUG] image cache: warming https://img.itch.zone/aW1nLzI3MTE3MTguZ2lm/original/XnHB6a.gif
2026/05/04 14:40:23 [DEBUG] image cache: warming https://img.itch.zone/aW1nLzExMzM0NTc2LnBuZw==/315x250%23c/gjqr4k.png
2026/05/04 14:40:23 [DEBUG] image cache: warming https://img.itch.zone/aW1nLzExMTI5MjgwLnBuZw==/315x250%23c/R6hk1E.png
2026/05/04 14:40:23 [DEBUG] image cache: fetch https://img.itch.zone/aW1nLzE4MTI1MzU3LnBuZw==/315x250%23c/lVq3BJ.png
2026/05/04 14:40:23 [DEBUG] image cache: warming https://img.itch.zone/aW1nLzg5Njg2MDEucG5n/315x250%23c/D0%2FHOB.png
2026/05/04 14:40:23 [DEBUG] image cache: warming https://img.itch.zone/aW1nLzIzOTg2MjA5LnBuZw==/315x250%23c/C0OigV.png
2026/05/04 14:40:23 [DEBUG] image cache: warming https://img.itch.zone/aW1nLzQ0MTgzNTcucG5n/315x250%23c/MCFsEW.png
2026/05/04 14:40:23 [DEBUG] image cache: warming https://img.itch.zone/aW1nLzEwMjQyMTk1LnBuZw==/315x250%23c/GwaLHP.png
2026/05/04 14:40:23 [DEBUG] image cache: warming https://img.itch.zone/aW1nLzY5ODEwNjAucG5n/315x250%23c/BXYdbP.png
2026/05/04 14:40:23 [DEBUG] image cache: fetch https://img.itch.zone/aW1nLzExMTI5MjgwLnBuZw==/315x250%23c/R6hk1E.png
2026/05/04 14:40:23 [DEBUG] image cache: warming https://img.itch.zone/aW1nLzIzMDA3MjkwLnBuZw==/315x250%23c/PvqydM.png
2026/05/04 14:40:23 [DEBUG] image cache: warming https://img.itch.zone/aW1nLzcyNjkwMzgucG5n/315x250%23c/ybij7c.png
2026/05/04 14:40:23 [DEBUG] cover: warmed window abs=31 ±5 (1319 games in view)
2026/05/04 14:40:23 [DEBUG] image cache: decoded https://img.itch.zone/aW1nLzExMTI5MjgwLnBuZw==/315x250%23c/R6hk1E.png as png (31155 bytes)
2026/05/04 14:40:23 [DEBUG] image cache: static https://img.itch.zone/aW1nLzExMTI5MjgwLnBuZw==/315x250%23c/R6hk1E.png
2026/05/04 14:40:23 [DEBUG] image cache: decoded https://img.itch.zone/aW1nLzE4MTI1MzU3LnBuZw==/315x250%23c/lVq3BJ.png as png (41914 bytes)
2026/05/04 14:40:23 [DEBUG] image cache: static https://img.itch.zone/aW1nLzE4MTI1MzU3LnBuZw==/315x250%23c/lVq3BJ.png
2026/05/04 14:40:23 [DEBUG] image cache: fetch https://img.itch.zone/aW1nLzI3MTE3MTguZ2lm/original/XnHB6a.gif
2026/05/04 14:40:23 [DEBUG] image cache: fetch https://img.itch.zone/aW1nLzExMzM0NTc2LnBuZw==/315x250%23c/gjqr4k.png
2026/05/04 14:40:23 [DEBUG] image cache: uploaded static https://img.itch.zone/aW1nLzExMTI5MjgwLnBuZw==/315x250%23c/R6hk1E.png (315x250)
2026/05/04 14:40:23 [DEBUG] image cache: uploaded static https://img.itch.zone/aW1nLzE4MTI1MzU3LnBuZw==/315x250%23c/lVq3BJ.png (315x250)
2026/05/04 14:40:23 [DEBUG] image cache: decoded https://img.itch.zone/aW1nLzI3MTE3MTguZ2lm/original/XnHB6a.gif as gif (108719 bytes)
2026/05/04 14:40:23 [DEBUG] image cache: decoded https://img.itch.zone/aW1nLzExMzM0NTc2LnBuZw==/315x250%23c/gjqr4k.png as png (49844 bytes)
2026/05/04 14:40:23 [DEBUG] image cache: static https://img.itch.zone/aW1nLzExMzM0NTc2LnBuZw==/315x250%23c/gjqr4k.png
2026/05/04 14:40:23 [DEBUG] image cache: fetch https://img.itch.zone/aW1nLzIzOTg2MjA5LnBuZw==/315x250%23c/C0OigV.png
2026/05/04 14:40:23 [DEBUG] image cache: uploaded static https://img.itch.zone/aW1nLzExMzM0NTc2LnBuZw==/315x250%23c/gjqr4k.png (315x250)
2026/05/04 14:40:23 [DEBUG] image cache: decoded https://img.itch.zone/aW1nLzIzOTg2MjA5LnBuZw==/315x250%23c/C0OigV.png as png (56392 bytes)
2026/05/04 14:40:23 [DEBUG] image cache: static https://img.itch.zone/aW1nLzIzOTg2MjA5LnBuZw==/315x250%23c/C0OigV.png
2026/05/04 14:40:23 [DEBUG] image cache: animated GIF https://img.itch.zone/aW1nLzI3MTE3MTguZ2lm/original/XnHB6a.gif (9 frames)
2026/05/04 14:40:23 [DEBUG] image cache: fetch https://img.itch.zone/aW1nLzg5Njg2MDEucG5n/315x250%23c/D0%2FHOB.png
2026/05/04 14:40:23 [DEBUG] image cache: uploaded static https://img.itch.zone/aW1nLzIzOTg2MjA5LnBuZw==/315x250%23c/C0OigV.png (315x250)
2026/05/04 14:40:23 [DEBUG] image cache: decoded https://img.itch.zone/aW1nLzg5Njg2MDEucG5n/315x250%23c/D0%2FHOB.png as png (41622 bytes)
2026/05/04 14:40:23 [DEBUG] image cache: static https://img.itch.zone/aW1nLzg5Njg2MDEucG5n/315x250%23c/D0%2FHOB.png
2026/05/04 14:40:23 [DEBUG] image cache: fetch https://img.itch.zone/aW1nLzQ0MTgzNTcucG5n/315x250%23c/MCFsEW.png
2026/05/04 14:40:23 [DEBUG] image cache: warming https://img.itch.zone/aW1nLzEwMDc5MjAxLmdpZg==/original/sYOfZw.gif
2026/05/04 14:40:23 [DEBUG] image cache: warming https://img.itch.zone/aW1nLzg5Njg2MDEucG5n/315x250%23c/D0%2FHOB.png
2026/05/04 14:40:23 [DEBUG] cover: warmed window abs=30 ±5 (1319 games in view)
2026/05/04 14:40:23 [DEBUG] image cache: uploaded static https://img.itch.zone/aW1nLzg5Njg2MDEucG5n/315x250%23c/D0%2FHOB.png (315x250)
2026/05/04 14:40:23 [DEBUG] image cache: decoded https://img.itch.zone/aW1nLzQ0MTgzNTcucG5n/315x250%23c/MCFsEW.png as png (32164 bytes)
2026/05/04 14:40:23 [DEBUG] image cache: static https://img.itch.zone/aW1nLzQ0MTgzNTcucG5n/315x250%23c/MCFsEW.png
2026/05/04 14:40:23 [DEBUG] image cache: fetch https://img.itch.zone/aW1nLzEwMjQyMTk1LnBuZw==/315x250%23c/GwaLHP.png
2026/05/04 14:40:24 [DEBUG] image cache: uploaded static https://img.itch.zone/aW1nLzQ0MTgzNTcucG5n/315x250%23c/MCFsEW.png (315x250)
2026/05/04 14:40:24 [DEBUG] image cache: decoded https://img.itch.zone/aW1nLzEwMjQyMTk1LnBuZw==/315x250%23c/GwaLHP.png as png (29560 bytes)
2026/05/04 14:40:24 [DEBUG] image cache: static https://img.itch.zone/aW1nLzEwMjQyMTk1LnBuZw==/315x250%23c/GwaLHP.png
2026/05/04 14:40:24 [DEBUG] image cache: fetch https://img.itch.zone/aW1nLzY5ODEwNjAucG5n/315x250%23c/BXYdbP.png
2026/05/04 14:40:24 [DEBUG] image cache: decoded https://img.itch.zone/aW1nLzY5ODEwNjAucG5n/315x250%23c/BXYdbP.png as png (45129 bytes)
2026/05/04 14:40:24 [DEBUG] image cache: static https://img.itch.zone/aW1nLzY5ODEwNjAucG5n/315x250%23c/BXYdbP.png
2026/05/04 14:40:24 [DEBUG] image cache: warming https://img.itch.zone/aW1nLzI0Nzk1NDQzLmdpZg==/original/wwAW%2FJ.gif
2026/05/04 14:40:24 [DEBUG] image cache: warming https://img.itch.zone/aW1nLzEwMjQyMTk1LnBuZw==/315x250%23c/GwaLHP.png
2026/05/04 14:40:24 [DEBUG] cover: warmed window abs=29 ±5 (1319 games in view)
2026/05/04 14:40:24 [DEBUG] image cache: fetch https://img.itch.zone/aW1nLzIzMDA3MjkwLnBuZw==/315x250%23c/PvqydM.png
2026/05/04 14:40:24 [DEBUG] image cache: uploaded static https://img.itch.zone/aW1nLzEwMjQyMTk1LnBuZw==/315x250%23c/GwaLHP.png (315x250)
2026/05/04 14:40:24 [DEBUG] image cache: uploaded static https://img.itch.zone/aW1nLzY5ODEwNjAucG5n/315x250%23c/BXYdbP.png (315x250)
2026/05/04 14:40:24 [DEBUG] image cache: decoded https://img.itch.zone/aW1nLzIzMDA3MjkwLnBuZw==/315x250%23c/PvqydM.png as png (16286 bytes)
2026/05/04 14:40:24 [DEBUG] image cache: static https://img.itch.zone/aW1nLzIzMDA3MjkwLnBuZw==/315x250%23c/PvqydM.png
2026/05/04 14:40:24 [DEBUG] image cache: fetch https://img.itch.zone/aW1nLzcyNjkwMzgucG5n/315x250%23c/ybij7c.png
2026/05/04 14:40:24 [DEBUG] image cache: fetch https://img.itch.zone/aW1nLzEwMDc5MjAxLmdpZg==/original/sYOfZw.gif
2026/05/04 14:40:24 [DEBUG] image cache: decoded https://img.itch.zone/aW1nLzcyNjkwMzgucG5n/315x250%23c/ybij7c.png as png (7593 bytes)
2026/05/04 14:40:24 [DEBUG] image cache: static https://img.itch.zone/aW1nLzcyNjkwMzgucG5n/315x250%23c/ybij7c.png
2026/05/04 14:40:24 [DEBUG] image cache: uploaded static https://img.itch.zone/aW1nLzIzMDA3MjkwLnBuZw==/315x250%23c/PvqydM.png (315x250)
2026/05/04 14:40:24 [DEBUG] image cache: fetch https://img.itch.zone/aW1nLzg5Njg2MDEucG5n/315x250%23c/D0%2FHOB.png
2026/05/04 14:40:24 [DEBUG] image cache: uploaded animated https://img.itch.zone/aW1nLzI3MTE3MTguZ2lm/original/XnHB6a.gif (9 frames, 630x500)
2026/05/04 14:40:24 [DEBUG] image cache: uploaded static https://img.itch.zone/aW1nLzcyNjkwMzgucG5n/315x250%23c/ybij7c.png (315x250)
2026/05/04 14:40:24 [DEBUG] image cache: warming https://img.itch.zone/aW1nLzQyMDEwMDQucG5n/315x250%23c/Hz8pfK.png
2026/05/04 14:40:24 [DEBUG] cover: warmed window abs=28 ±5 (1319 games in view)
2026/05/04 14:40:24 [DEBUG] image cache: decoded https://img.itch.zone/aW1nLzg5Njg2MDEucG5n/315x250%23c/D0%2FHOB.png as png (41622 bytes)
2026/05/04 14:40:24 [DEBUG] image cache: static https://img.itch.zone/aW1nLzg5Njg2MDEucG5n/315x250%23c/D0%2FHOB.png
2026/05/04 14:40:24 [DEBUG] image cache: fetch https://img.itch.zone/aW1nLzI0Nzk1NDQzLmdpZg==/original/wwAW%2FJ.gif
2026/05/04 14:40:24 [DEBUG] image cache: uploaded static https://img.itch.zone/aW1nLzg5Njg2MDEucG5n/315x250%23c/D0%2FHOB.png (315x250)
2026/05/04 14:40:24 [DEBUG] image cache: decoded https://img.itch.zone/aW1nLzEwMDc5MjAxLmdpZg==/original/sYOfZw.gif as gif (2167289 bytes)
2026/05/04 14:40:24 [DEBUG] image cache: decoded https://img.itch.zone/aW1nLzI0Nzk1NDQzLmdpZg==/original/wwAW%2FJ.gif as gif (168327 bytes)
2026/05/04 14:40:25 [DEBUG] image cache: animated GIF https://img.itch.zone/aW1nLzI0Nzk1NDQzLmdpZg==/original/wwAW%2FJ.gif (6 frames)
2026/05/04 14:40:25 [DEBUG] image cache: animated GIF https://img.itch.zone/aW1nLzEwMDc5MjAxLmdpZg==/original/sYOfZw.gif (274 frames)
2026/05/04 14:40:25 [DEBUG] image cache: warming https://img.itch.zone/aW1nLzEwNDE5ODM3LnBuZw==/315x250%23c/v%2FT8cg.png
2026/05/04 14:40:25 [DEBUG] image cache: warming https://img.itch.zone/aW1nLzIyMzg4Njc1LnBuZw==/315x250%23c/yTesm7.png
2026/05/04 14:40:25 [DEBUG] image cache: warming https://img.itch.zone/aW1nLzE2MzgxNjcxLnBuZw==/315x250%23c/ezmhtw.png
2026/05/04 14:40:25 [DEBUG] image cache: warming https://img.itch.zone/aW1nLzgyMDA5NzcuZ2lm/original/z%2Fte%2Bp.gif
2026/05/04 14:40:25 [DEBUG] image cache: warming https://img.itch.zone/aW1nLzIzMTUyNzc2LnBuZw==/315x250%23c/asMmb1.png
2026/05/04 14:40:25 [DEBUG] image cache: warming https://img.itch.zone/aW1nLzEwMTQwNDExLnBuZw==/315x250%23c/x6Zexr.png
2026/05/04 14:40:25 [DEBUG] image cache: warming https://img.itch.zone/aW1nLzI0NjA1NjUwLmpwZWc=/315x250%23c/AEAtyp.jpeg
2026/05/04 14:40:25 [DEBUG] image cache: warming https://img.itch.zone/aW1nLzQ5NzczOTMuZ2lm/original/PH7FmB.gif
2026/05/04 14:40:25 [DEBUG] image cache: warming https://img.itch.zone/aW1nLzEyMzcyMjQzLnBuZw==/315x250%23c/Baq%2B0m.png
2026/05/04 14:40:25 [DEBUG] image cache: warming https://img.itch.zone/aW1nLzUwMjQ0MTAucG5n/315x250%23c/nS40o2.png
2026/05/04 14:40:25 [DEBUG] cover: warmed window abs=18 ±5 (1319 games in view)
2026/05/04 14:40:26 [DEBUG] image cache: warming https://img.itch.zone/aW1nLzIzMTUyNzgxLnBuZw==/315x250%23c/lJNHQC.png
2026/05/04 14:40:26 [DEBUG] cover: warmed window abs=17 ±5 (1319 games in view)
2026/05/04 14:40:26 [DEBUG] image cache: fetch https://img.itch.zone/aW1nLzEwMjQyMTk1LnBuZw==/315x250%23c/GwaLHP.png
2026/05/04 14:40:26 [DEBUG] image cache: warming https://img.itch.zone/aW1nLzgzNzQ2ODUucG5n/315x250%23c/AHvPGT.png
2026/05/04 14:40:26 [DEBUG] cover: warmed window abs=16 ±5 (1319 games in view)
2026/05/04 14:40:26 [DEBUG] image cache: uploaded animated https://img.itch.zone/aW1nLzEwMDc5MjAxLmdpZg==/original/sYOfZw.gif (64 frames, 225x204)
2026/05/04 14:40:26 [DEBUG] image cache: decoded https://img.itch.zone/aW1nLzEwMjQyMTk1LnBuZw==/315x250%23c/GwaLHP.png as png (29560 bytes)
2026/05/04 14:40:26 [DEBUG] image cache: static https://img.itch.zone/aW1nLzEwMjQyMTk1LnBuZw==/315x250%23c/GwaLHP.png
2026/05/04 14:40:26 [DEBUG] image cache: fetch https://img.itch.zone/aW1nLzQyMDEwMDQucG5n/315x250%23c/Hz8pfK.png
2026/05/04 14:40:26 [DEBUG] image cache: uploaded static https://img.itch.zone/aW1nLzEwMjQyMTk1LnBuZw==/315x250%23c/GwaLHP.png (315x250)
2026/05/04 14:40:26 [DEBUG] image cache: decoded https://img.itch.zone/aW1nLzQyMDEwMDQucG5n/315x250%23c/Hz8pfK.png as png (20098 bytes)
2026/05/04 14:40:26 [DEBUG] image cache: static https://img.itch.zone/aW1nLzQyMDEwMDQucG5n/315x250%23c/Hz8pfK.png
2026/05/04 14:40:26 [DEBUG] image cache: fetch https://img.itch.zone/aW1nLzEwNDE5ODM3LnBuZw==/315x250%23c/v%2FT8cg.png
2026/05/04 14:40:26 [DEBUG] image cache: uploaded static https://img.itch.zone/aW1nLzQyMDEwMDQucG5n/315x250%23c/Hz8pfK.png (315x250)
2026/05/04 14:40:26 [DEBUG] image cache: decoded https://img.itch.zone/aW1nLzEwNDE5ODM3LnBuZw==/315x250%23c/v%2FT8cg.png as png (52250 bytes)
2026/05/04 14:40:26 [DEBUG] image cache: static https://img.itch.zone/aW1nLzEwNDE5ODM3LnBuZw==/315x250%23c/v%2FT8cg.png
2026/05/04 14:40:26 [DEBUG] image cache: fetch https://img.itch.zone/aW1nLzIyMzg4Njc1LnBuZw==/315x250%23c/yTesm7.png
2026/05/04 14:40:26 [DEBUG] image cache: decoded https://img.itch.zone/aW1nLzIyMzg4Njc1LnBuZw==/315x250%23c/yTesm7.png as png (55560 bytes)
2026/05/04 14:40:26 [DEBUG] image cache: static https://img.itch.zone/aW1nLzIyMzg4Njc1LnBuZw==/315x250%23c/yTesm7.png
2026/05/04 14:40:26 [DEBUG] image cache: uploaded static https://img.itch.zone/aW1nLzEwNDE5ODM3LnBuZw==/315x250%23c/v%2FT8cg.png (315x250)
2026/05/04 14:40:26 [DEBUG] image cache: fetch https://img.itch.zone/aW1nLzE2MzgxNjcxLnBuZw==/315x250%23c/ezmhtw.png
2026/05/04 14:40:26 [DEBUG] image cache: decoded https://img.itch.zone/aW1nLzE2MzgxNjcxLnBuZw==/315x250%23c/ezmhtw.png as png (50610 bytes)
2026/05/04 14:40:26 [DEBUG] image cache: static https://img.itch.zone/aW1nLzE2MzgxNjcxLnBuZw==/315x250%23c/ezmhtw.png
2026/05/04 14:40:26 [DEBUG] image cache: fetch https://img.itch.zone/aW1nLzEwMTQwNDExLnBuZw==/315x250%23c/x6Zexr.png
2026/05/04 14:40:26 [DEBUG] image cache: uploaded static https://img.itch.zone/aW1nLzIyMzg4Njc1LnBuZw==/315x250%23c/yTesm7.png (315x250)
2026/05/04 14:40:26 [DEBUG] image cache: uploaded static https://img.itch.zone/aW1nLzE2MzgxNjcxLnBuZw==/315x250%23c/ezmhtw.png (315x250)
2026/05/04 14:40:26 [DEBUG] image cache: decoded https://img.itch.zone/aW1nLzEwMTQwNDExLnBuZw==/315x250%23c/x6Zexr.png as png (76751 bytes)
2026/05/04 14:40:26 [DEBUG] image cache: static https://img.itch.zone/aW1nLzEwMTQwNDExLnBuZw==/315x250%23c/x6Zexr.png
2026/05/04 14:40:26 [DEBUG] image cache: fetch https://img.itch.zone/aW1nLzgyMDA5NzcuZ2lm/original/z%2Fte%2Bp.gif
2026/05/04 14:40:26 [DEBUG] image cache: warming https://img.itch.zone/aW1nLzc4MzU0MDguZ2lm/original/dFHzIu.gif
2026/05/04 14:40:26 [DEBUG] image cache: warming https://img.itch.zone/aW1nLzEwMTQwNDExLnBuZw==/315x250%23c/x6Zexr.png
2026/05/04 14:40:26 [DEBUG] cover: warmed window abs=15 ±5 (1319 games in view)
2026/05/04 14:40:26 [DEBUG] image cache: uploaded static https://img.itch.zone/aW1nLzEwMTQwNDExLnBuZw==/315x250%23c/x6Zexr.png (315x250)
2026/05/04 14:40:26 [DEBUG] cover: warmed window abs=14 ±5 (1319 games in view)
2026/05/04 14:40:26 [DEBUG] image cache: decoded https://img.itch.zone/aW1nLzgyMDA5NzcuZ2lm/original/z%2Fte%2Bp.gif as gif (743958 bytes)
2026/05/04 14:40:26 [DEBUG] cover: warmed window abs=13 ±5 (1319 games in view)
2026/05/04 14:40:27 [DEBUG] cover: warmed window abs=12 ±5 (1319 games in view)
2026/05/04 14:40:27 [DEBUG] image cache: fetch https://img.itch.zone/aW1nLzIzMTUyNzc2LnBuZw==/315x250%23c/asMmb1.png
2026/05/04 14:40:27 [DEBUG] image cache: uploaded animated https://img.itch.zone/aW1nLzI0Nzk1NDQzLmdpZg==/original/wwAW%2FJ.gif (6 frames, 640x509)
2026/05/04 14:40:27 [DEBUG] image cache: decoded https://img.itch.zone/aW1nLzIzMTUyNzc2LnBuZw==/315x250%23c/asMmb1.png as png (24857 bytes)
2026/05/04 14:40:27 [DEBUG] image cache: static https://img.itch.zone/aW1nLzIzMTUyNzc2LnBuZw==/315x250%23c/asMmb1.png
2026/05/04 14:40:27 [DEBUG] image cache: fetch https://img.itch.zone/aW1nLzI0NjA1NjUwLmpwZWc=/315x250%23c/AEAtyp.jpeg
2026/05/04 14:40:27 [DEBUG] image cache: uploaded static https://img.itch.zone/aW1nLzIzMTUyNzc2LnBuZw==/315x250%23c/asMmb1.png (315x250)
2026/05/04 14:40:27 [DEBUG] image cache: decoded https://img.itch.zone/aW1nLzI0NjA1NjUwLmpwZWc=/315x250%23c/AEAtyp.jpeg as png (54781 bytes)
2026/05/04 14:40:27 [DEBUG] image cache: static https://img.itch.zone/aW1nLzI0NjA1NjUwLmpwZWc=/315x250%23c/AEAtyp.jpeg
2026/05/04 14:40:27 [DEBUG] image cache: fetch https://img.itch.zone/aW1nLzQ5NzczOTMuZ2lm/original/PH7FmB.gif
2026/05/04 14:40:27 [DEBUG] image cache: uploaded static https://img.itch.zone/aW1nLzI0NjA1NjUwLmpwZWc=/315x250%23c/AEAtyp.jpeg (315x250)
2026/05/04 14:40:27 [DEBUG] image cache: decoded https://img.itch.zone/aW1nLzQ5NzczOTMuZ2lm/original/PH7FmB.gif as gif (21770 bytes)
2026/05/04 14:40:27 [DEBUG] image cache: animated GIF https://img.itch.zone/aW1nLzQ5NzczOTMuZ2lm/original/PH7FmB.gif (2 frames)
2026/05/04 14:40:27 [DEBUG] image cache: fetch https://img.itch.zone/aW1nLzEyMzcyMjQzLnBuZw==/315x250%23c/Baq%2B0m.png
2026/05/04 14:40:27 [DEBUG] image cache: uploaded animated https://img.itch.zone/aW1nLzQ5NzczOTMuZ2lm/original/PH7FmB.gif (2 frames, 630x500)
2026/05/04 14:40:27 [DEBUG] image cache: decoded https://img.itch.zone/aW1nLzEyMzcyMjQzLnBuZw==/315x250%23c/Baq%2B0m.png as png (27213 bytes)
2026/05/04 14:40:27 [DEBUG] image cache: static https://img.itch.zone/aW1nLzEyMzcyMjQzLnBuZw==/315x250%23c/Baq%2B0m.png
2026/05/04 14:40:27 [DEBUG] image cache: fetch https://img.itch.zone/aW1nLzUwMjQ0MTAucG5n/315x250%23c/nS40o2.png
2026/05/04 14:40:27 [DEBUG] image cache: uploaded static https://img.itch.zone/aW1nLzEyMzcyMjQzLnBuZw==/315x250%23c/Baq%2B0m.png (315x250)
2026/05/04 14:40:27 [DEBUG] image cache: decoded https://img.itch.zone/aW1nLzUwMjQ0MTAucG5n/315x250%23c/nS40o2.png as png (59091 bytes)
2026/05/04 14:40:27 [DEBUG] image cache: static https://img.itch.zone/aW1nLzUwMjQ0MTAucG5n/315x250%23c/nS40o2.png
2026/05/04 14:40:27 [DEBUG] image cache: fetch https://img.itch.zone/aW1nLzIzMTUyNzgxLnBuZw==/315x250%23c/lJNHQC.png
2026/05/04 14:40:28 [DEBUG] image cache: decoded https://img.itch.zone/aW1nLzIzMTUyNzgxLnBuZw==/315x250%23c/lJNHQC.png as png (37202 bytes)
2026/05/04 14:40:28 [DEBUG] image cache: static https://img.itch.zone/aW1nLzIzMTUyNzgxLnBuZw==/315x250%23c/lJNHQC.png
2026/05/04 14:40:28 [DEBUG] image cache: uploaded static https://img.itch.zone/aW1nLzUwMjQ0MTAucG5n/315x250%23c/nS40o2.png (315x250)
2026/05/04 14:40:28 [DEBUG] image cache: fetch https://img.itch.zone/aW1nLzgzNzQ2ODUucG5n/315x250%23c/AHvPGT.png
2026/05/04 14:40:28 [DEBUG] image cache: uploaded static https://img.itch.zone/aW1nLzIzMTUyNzgxLnBuZw==/315x250%23c/lJNHQC.png (315x250)
2026/05/04 14:40:28 [DEBUG] image cache: decoded https://img.itch.zone/aW1nLzgzNzQ2ODUucG5n/315x250%23c/AHvPGT.png as png (57345 bytes)
2026/05/04 14:40:28 [DEBUG] image cache: static https://img.itch.zone/aW1nLzgzNzQ2ODUucG5n/315x250%23c/AHvPGT.png
2026/05/04 14:40:28 [DEBUG] image cache: fetch https://img.itch.zone/aW1nLzc4MzU0MDguZ2lm/original/dFHzIu.gif
2026/05/04 14:40:28 [DEBUG] image cache: uploaded static https://img.itch.zone/aW1nLzgzNzQ2ODUucG5n/315x250%23c/AHvPGT.png (315x250)
2026/05/04 14:40:28 [DEBUG] image cache: decoded https://img.itch.zone/aW1nLzc4MzU0MDguZ2lm/original/dFHzIu.gif as gif (33344 bytes)
2026/05/04 14:40:28 [DEBUG] image cache: animated GIF https://img.itch.zone/aW1nLzc4MzU0MDguZ2lm/original/dFHzIu.gif (17 frames)
2026/05/04 14:40:28 [DEBUG] image cache: fetch https://img.itch.zone/aW1nLzEwMTQwNDExLnBuZw==/315x250%23c/x6Zexr.png
2026/05/04 14:40:28 [DEBUG] image cache: uploaded animated https://img.itch.zone/aW1nLzc4MzU0MDguZ2lm/original/dFHzIu.gif (17 frames, 598x536)
2026/05/04 14:40:28 [DEBUG] image cache: decoded https://img.itch.zone/aW1nLzEwMTQwNDExLnBuZw==/315x250%23c/x6Zexr.png as png (76751 bytes)
2026/05/04 14:40:28 [DEBUG] image cache: static https://img.itch.zone/aW1nLzEwMTQwNDExLnBuZw==/315x250%23c/x6Zexr.png
2026/05/04 14:40:28 [DEBUG] image cache: uploaded static https://img.itch.zone/aW1nLzEwMTQwNDExLnBuZw==/315x250%23c/x6Zexr.png (315x250)
2026/05/04 14:40:28 [DEBUG] image cache: animated GIF https://img.itch.zone/aW1nLzgyMDA5NzcuZ2lm/original/z%2Fte%2Bp.gif (214 frames)
2026/05/04 14:40:30 [INFO]  sort: mode changed to "az" (A-Z)
2026/05/04 14:40:30 [DEBUG] sort: view rebuilt — 1319 games visible (mode=A-Z), restored selection to "https://playinstinct.itch.io/capybara-village" (page=6, cursor=17)
2026/05/04 14:40:30 [DEBUG] image cache: warming https://img.itch.zone/aW1nLzExNTIxNDU0LnBuZw==/315x250%23c/XEZQwp.png
2026/05/04 14:40:30 [DEBUG] image cache: warming https://img.itch.zone/aW1nLzExMzUyNjAzLnBuZw==/315x250%23c/F0ANr%2B.png
2026/05/04 14:40:30 [DEBUG] image cache: warming https://img.itch.zone/aW1nLzEzNDIwMzA4LnBuZw==/315x250%23c/aJ6KKO.png
2026/05/04 14:40:30 [DEBUG] image cache: warming https://img.itch.zone/aW1nLzE2MzQ0OTQzLnBuZw==/315x250%23c/lODxmE.png
2026/05/04 14:40:30 [DEBUG] image cache: warming https://img.itch.zone/aW1nLzEyNDg3MjYwLnBuZw==/315x250%23c/xNVJA1.png
2026/05/04 14:40:30 [DEBUG] image cache: warming https://img.itch.zone/aW1nLzIyMTQ1MzI3LmdpZg==/original/7itaaV.gif
2026/05/04 14:40:30 [DEBUG] image cache: warming https://img.itch.zone/aW1nLzIxMzAxODg2LnBuZw==/315x250%23c/tnTk04.png
2026/05/04 14:40:30 [DEBUG] image cache: warming https://img.itch.zone/aW1nLzI2NjA3NTgzLnBuZw==/315x250%23c/imKPqH.png
2026/05/04 14:40:30 [DEBUG] image cache: warming https://img.itch.zone/aW1nLzMzOTQyNTUucG5n/315x250%23c/iaYmc%2F.png
2026/05/04 14:40:30 [DEBUG] cover: warmed window abs=197 ±5 (1319 games in view)
2026/05/04 14:40:30 [DEBUG] image cache: fetch https://img.itch.zone/aW1nLzE2MzQ0OTQzLnBuZw==/315x250%23c/lODxmE.png
2026/05/04 14:40:30 [DEBUG] image cache: decoded https://img.itch.zone/aW1nLzE2MzQ0OTQzLnBuZw==/315x250%23c/lODxmE.png as png (42068 bytes)
2026/05/04 14:40:30 [DEBUG] image cache: static https://img.itch.zone/aW1nLzE2MzQ0OTQzLnBuZw==/315x250%23c/lODxmE.png
2026/05/04 14:40:30 [DEBUG] image cache: fetch https://img.itch.zone/aW1nLzExMzUyNjAzLnBuZw==/315x250%23c/F0ANr%2B.png
2026/05/04 14:40:30 [DEBUG] image cache: uploaded static https://img.itch.zone/aW1nLzE2MzQ0OTQzLnBuZw==/315x250%23c/lODxmE.png (315x250)
2026/05/04 14:40:30 [INFO]  sort: mode changed to "za" (Z-A)
2026/05/04 14:40:30 [DEBUG] sort: view rebuilt — 1319 games visible (mode=Z-A), restored selection to "https://playinstinct.itch.io/capybara-village" (page=32, cursor=5)
2026/05/04 14:40:30 [DEBUG] image cache: decoded https://img.itch.zone/aW1nLzExMzUyNjAzLnBuZw==/315x250%23c/F0ANr%2B.png as png (26765 bytes)
2026/05/04 14:40:30 [DEBUG] image cache: static https://img.itch.zone/aW1nLzExMzUyNjAzLnBuZw==/315x250%23c/F0ANr%2B.png
2026/05/04 14:40:30 [DEBUG] image cache: fetch https://img.itch.zone/aW1nLzExNTIxNDU0LnBuZw==/315x250%23c/XEZQwp.png
2026/05/04 14:40:30 [DEBUG] image cache: warming https://img.itch.zone/aW1nLzExMzUyNjAzLnBuZw==/315x250%23c/F0ANr%2B.png
2026/05/04 14:40:30 [DEBUG] cover: warmed window abs=1121 ±5 (1319 games in view)
2026/05/04 14:40:30 [DEBUG] image cache: uploaded static https://img.itch.zone/aW1nLzExMzUyNjAzLnBuZw==/315x250%23c/F0ANr%2B.png (315x250)
2026/05/04 14:40:31 [DEBUG] image cache: decoded https://img.itch.zone/aW1nLzExNTIxNDU0LnBuZw==/315x250%23c/XEZQwp.png as png (9575 bytes)
2026/05/04 14:40:31 [DEBUG] image cache: static https://img.itch.zone/aW1nLzExNTIxNDU0LnBuZw==/315x250%23c/XEZQwp.png
2026/05/04 14:40:31 [DEBUG] image cache: fetch https://img.itch.zone/aW1nLzIyMTQ1MzI3LmdpZg==/original/7itaaV.gif
2026/05/04 14:40:31 [DEBUG] image cache: uploaded static https://img.itch.zone/aW1nLzExNTIxNDU0LnBuZw==/315x250%23c/XEZQwp.png (315x250)
2026/05/04 14:40:31 [INFO]  sort: mode changed to "new" (NEW)
2026/05/04 14:40:31 [DEBUG] sort: view rebuilt — 1319 games visible (mode=NEW), restored selection to "https://playinstinct.itch.io/capybara-village" (page=14, cursor=25)
2026/05/04 14:40:31 [DEBUG] image cache: warming https://img.itch.zone/aW1nLzE2MDMxNDA4LmpwZw==/315x250%23c/ISoCGa.jpg
2026/05/04 14:40:31 [DEBUG] image cache: warming https://img.itch.zone/aW1nLzE2MDk1Njc5LmpwZw==/315x250%23c/RfR6T7.jpg
2026/05/04 14:40:31 [DEBUG] image cache: warming https://img.itch.zone/aW1nLzE2NjU4NzMyLnBuZw==/315x250%23c/Dm2%2Bpc.png
2026/05/04 14:40:31 [DEBUG] image cache: warming https://img.itch.zone/aW1nLzE1OTQ2NTAxLnBuZw==/315x250%23c/%2Fc5ZBN.png
2026/05/04 14:40:31 [DEBUG] image cache: warming https://img.itch.zone/aW1nLzE2OTg3MDE2LnBuZw==/315x250%23c/6NXiCe.png
2026/05/04 14:40:31 [DEBUG] image cache: warming https://img.itch.zone/aW1nLzE1ODQzNDA3LnBuZw==/315x250%23c/jeDXyn.png
2026/05/04 14:40:31 [DEBUG] image cache: warming https://img.itch.zone/aW1nLzE1NzkzMjI4LnBuZw==/315x250%23c/NKRtI5.png
2026/05/04 14:40:31 [DEBUG] image cache: warming https://img.itch.zone/aW1nLzE2NjA4NjgzLnBuZw==/315x250%23c/r5z%2FlS.png
2026/05/04 14:40:31 [DEBUG] image cache: warming https://img.itch.zone/aW1nLzE1Nzk2NzQyLnBuZw==/315x250%23c/TDg041.png
2026/05/04 14:40:31 [DEBUG] image cache: warming https://img.itch.zone/aW1nLzE1NzY0NDc0LnBuZw==/315x250%23c/VUdtst.png
2026/05/04 14:40:31 [DEBUG] cover: warmed window abs=493 ±5 (1319 games in view)
2026/05/04 14:40:31 [DEBUG] image cache: decoded https://img.itch.zone/aW1nLzIyMTQ1MzI3LmdpZg==/original/7itaaV.gif as gif (399677 bytes)
2026/05/04 14:40:31 [DEBUG] image cache: animated GIF https://img.itch.zone/aW1nLzIyMTQ1MzI3LmdpZg==/original/7itaaV.gif (43 frames)
2026/05/04 14:40:32 [DEBUG] image cache: fetch https://img.itch.zone/aW1nLzEyNDg3MjYwLnBuZw==/315x250%23c/xNVJA1.png
2026/05/04 14:40:32 [DEBUG] image cache: uploaded animated https://img.itch.zone/aW1nLzIyMTQ1MzI3LmdpZg==/original/7itaaV.gif (43 frames, 240x240)
2026/05/04 14:40:32 [DEBUG] image cache: decoded https://img.itch.zone/aW1nLzEyNDg3MjYwLnBuZw==/315x250%23c/xNVJA1.png as png (38475 bytes)
2026/05/04 14:40:32 [DEBUG] image cache: static https://img.itch.zone/aW1nLzEyNDg3MjYwLnBuZw==/315x250%23c/xNVJA1.png
2026/05/04 14:40:32 [DEBUG] image cache: fetch https://img.itch.zone/aW1nLzIxMzAxODg2LnBuZw==/315x250%23c/tnTk04.png
2026/05/04 14:40:32 [DEBUG] image cache: uploaded static https://img.itch.zone/aW1nLzEyNDg3MjYwLnBuZw==/315x250%23c/xNVJA1.png (315x250)
2026/05/04 14:40:32 [INFO]  sort: mode changed to "dl" (DL)
2026/05/04 14:40:32 [DEBUG] sort: view rebuilt — 4 games visible (mode=DL), restored selection to "https://playinstinct.itch.io/capybara-village" (page=1, cursor=0)
2026/05/04 14:40:32 [DEBUG] image cache: decoded https://img.itch.zone/aW1nLzIxMzAxODg2LnBuZw==/315x250%23c/tnTk04.png as png (36298 bytes)
2026/05/04 14:40:32 [DEBUG] image cache: static https://img.itch.zone/aW1nLzIxMzAxODg2LnBuZw==/315x250%23c/tnTk04.png
2026/05/04 14:40:32 [DEBUG] image cache: fetch https://img.itch.zone/aW1nLzI2NjA3NTgzLnBuZw==/315x250%23c/imKPqH.png
2026/05/04 14:40:32 [DEBUG] image cache: uploaded static https://img.itch.zone/aW1nLzIxMzAxODg2LnBuZw==/315x250%23c/tnTk04.png (315x250)
2026/05/04 14:40:32 [DEBUG] image cache: warming https://img.itch.zone/aW1nLzI1MTk2NTYwLnBuZw==/315x250%23c/zJcdad.png
2026/05/04 14:40:32 [DEBUG] cover: warmed window abs=0 ±5 (4 games in view)
2026/05/04 14:40:32 [DEBUG] image cache: decoded https://img.itch.zone/aW1nLzI2NjA3NTgzLnBuZw==/315x250%23c/imKPqH.png as png (10685 bytes)
2026/05/04 14:40:32 [DEBUG] image cache: static https://img.itch.zone/aW1nLzI2NjA3NTgzLnBuZw==/315x250%23c/imKPqH.png
2026/05/04 14:40:32 [DEBUG] image cache: fetch https://img.itch.zone/aW1nLzEzNDIwMzA4LnBuZw==/315x250%23c/aJ6KKO.png
2026/05/04 14:40:32 [DEBUG] image cache: uploaded static https://img.itch.zone/aW1nLzI2NjA3NTgzLnBuZw==/315x250%23c/imKPqH.png (315x250)
2026/05/04 14:40:32 [DEBUG] image cache: decoded https://img.itch.zone/aW1nLzEzNDIwMzA4LnBuZw==/315x250%23c/aJ6KKO.png as png (38427 bytes)
2026/05/04 14:40:32 [DEBUG] image cache: static https://img.itch.zone/aW1nLzEzNDIwMzA4LnBuZw==/315x250%23c/aJ6KKO.png
2026/05/04 14:40:32 [DEBUG] image cache: fetch https://img.itch.zone/aW1nLzMzOTQyNTUucG5n/315x250%23c/iaYmc%2F.png
2026/05/04 14:40:32 [DEBUG] image cache: uploaded static https://img.itch.zone/aW1nLzEzNDIwMzA4LnBuZw==/315x250%23c/aJ6KKO.png (315x250)
2026/05/04 14:40:32 [DEBUG] image cache: decoded https://img.itch.zone/aW1nLzMzOTQyNTUucG5n/315x250%23c/iaYmc%2F.png as png (12412 bytes)
2026/05/04 14:40:32 [DEBUG] image cache: static https://img.itch.zone/aW1nLzMzOTQyNTUucG5n/315x250%23c/iaYmc%2F.png
2026/05/04 14:40:32 [DEBUG] image cache: fetch https://img.itch.zone/aW1nLzExMzUyNjAzLnBuZw==/315x250%23c/F0ANr%2B.png
2026/05/04 14:40:32 [DEBUG] image cache: uploaded static https://img.itch.zone/aW1nLzMzOTQyNTUucG5n/315x250%23c/iaYmc%2F.png (315x250)
2026/05/04 14:40:32 [DEBUG] image cache: decoded https://img.itch.zone/aW1nLzExMzUyNjAzLnBuZw==/315x250%23c/F0ANr%2B.png as png (26765 bytes)
2026/05/04 14:40:32 [DEBUG] image cache: static https://img.itch.zone/aW1nLzExMzUyNjAzLnBuZw==/315x250%23c/F0ANr%2B.png
2026/05/04 14:40:32 [DEBUG] image cache: fetch https://img.itch.zone/aW1nLzE2MDk1Njc5LmpwZw==/315x250%23c/RfR6T7.jpg
2026/05/04 14:40:32 [DEBUG] image cache: uploaded static https://img.itch.zone/aW1nLzExMzUyNjAzLnBuZw==/315x250%23c/F0ANr%2B.png (315x250)
2026/05/04 14:40:33 [DEBUG] image cache: decoded https://img.itch.zone/aW1nLzE2MDk1Njc5LmpwZw==/315x250%23c/RfR6T7.jpg as png (52817 bytes)
2026/05/04 14:40:33 [DEBUG] image cache: static https://img.itch.zone/aW1nLzE2MDk1Njc5LmpwZw==/315x250%23c/RfR6T7.jpg
2026/05/04 14:40:33 [DEBUG] image cache: fetch https://img.itch.zone/aW1nLzE2MDMxNDA4LmpwZw==/315x250%23c/ISoCGa.jpg
2026/05/04 14:40:33 [DEBUG] image cache: uploaded static https://img.itch.zone/aW1nLzE2MDk1Njc5LmpwZw==/315x250%23c/RfR6T7.jpg (315x250)
2026/05/04 14:40:33 [DEBUG] image cache: decoded https://img.itch.zone/aW1nLzE2MDMxNDA4LmpwZw==/315x250%23c/ISoCGa.jpg as png (51575 bytes)
2026/05/04 14:40:33 [DEBUG] image cache: static https://img.itch.zone/aW1nLzE2MDMxNDA4LmpwZw==/315x250%23c/ISoCGa.jpg
2026/05/04 14:40:33 [DEBUG] image cache: fetch https://img.itch.zone/aW1nLzE1OTQ2NTAxLnBuZw==/315x250%23c/%2Fc5ZBN.png
2026/05/04 14:40:33 [DEBUG] image cache: uploaded static https://img.itch.zone/aW1nLzE2MDMxNDA4LmpwZw==/315x250%23c/ISoCGa.jpg (315x250)
2026/05/04 14:40:33 [DEBUG] image cache: decoded https://img.itch.zone/aW1nLzE1OTQ2NTAxLnBuZw==/315x250%23c/%2Fc5ZBN.png as png (33346 bytes)
2026/05/04 14:40:33 [DEBUG] image cache: static https://img.itch.zone/aW1nLzE1OTQ2NTAxLnBuZw==/315x250%23c/%2Fc5ZBN.png
2026/05/04 14:40:33 [DEBUG] image cache: fetch https://img.itch.zone/aW1nLzE2NjU4NzMyLnBuZw==/315x250%23c/Dm2%2Bpc.png
2026/05/04 14:40:33 [DEBUG] image cache: uploaded static https://img.itch.zone/aW1nLzE1OTQ2NTAxLnBuZw==/315x250%23c/%2Fc5ZBN.png (315x250)
2026/05/04 14:40:33 [DEBUG] image cache: decoded https://img.itch.zone/aW1nLzE2NjU4NzMyLnBuZw==/315x250%23c/Dm2%2Bpc.png as png (8402 bytes)
2026/05/04 14:40:33 [DEBUG] image cache: static https://img.itch.zone/aW1nLzE2NjU4NzMyLnBuZw==/315x250%23c/Dm2%2Bpc.png
2026/05/04 14:40:33 [DEBUG] image cache: fetch https://img.itch.zone/aW1nLzE2OTg3MDE2LnBuZw==/315x250%23c/6NXiCe.png
2026/05/04 14:40:33 [DEBUG] image cache: uploaded static https://img.itch.zone/aW1nLzE2NjU4NzMyLnBuZw==/315x250%23c/Dm2%2Bpc.png (315x250)
2026/05/04 14:40:33 [DEBUG] image cache: decoded https://img.itch.zone/aW1nLzE2OTg3MDE2LnBuZw==/315x250%23c/6NXiCe.png as png (43680 bytes)
2026/05/04 14:40:33 [DEBUG] image cache: static https://img.itch.zone/aW1nLzE2OTg3MDE2LnBuZw==/315x250%23c/6NXiCe.png
2026/05/04 14:40:33 [DEBUG] image cache: fetch https://img.itch.zone/aW1nLzE1ODQzNDA3LnBuZw==/315x250%23c/jeDXyn.png
2026/05/04 14:40:33 [DEBUG] image cache: uploaded static https://img.itch.zone/aW1nLzE2OTg3MDE2LnBuZw==/315x250%23c/6NXiCe.png (315x250)
2026/05/04 14:40:33 [DEBUG] image cache: decoded https://img.itch.zone/aW1nLzE1ODQzNDA3LnBuZw==/315x250%23c/jeDXyn.png as png (17824 bytes)
2026/05/04 14:40:33 [DEBUG] image cache: static https://img.itch.zone/aW1nLzE1ODQzNDA3LnBuZw==/315x250%23c/jeDXyn.png
2026/05/04 14:40:33 [DEBUG] cover: warmed window abs=1 ±5 (4 games in view)
2026/05/04 14:40:33 [DEBUG] image cache: fetch https://img.itch.zone/aW1nLzE2NjA4NjgzLnBuZw==/315x250%23c/r5z%2FlS.png
2026/05/04 14:40:33 [DEBUG] image cache: uploaded static https://img.itch.zone/aW1nLzE1ODQzNDA3LnBuZw==/315x250%23c/jeDXyn.png (315x250)
2026/05/04 14:40:33 [DEBUG] image cache: decoded https://img.itch.zone/aW1nLzE2NjA4NjgzLnBuZw==/315x250%23c/r5z%2FlS.png as png (13160 bytes)
2026/05/04 14:40:33 [DEBUG] image cache: static https://img.itch.zone/aW1nLzE2NjA4NjgzLnBuZw==/315x250%23c/r5z%2FlS.png
2026/05/04 14:40:33 [DEBUG] image cache: fetch https://img.itch.zone/aW1nLzE1NzkzMjI4LnBuZw==/315x250%23c/NKRtI5.png
2026/05/04 14:40:33 [DEBUG] image cache: uploaded static https://img.itch.zone/aW1nLzE2NjA4NjgzLnBuZw==/315x250%23c/r5z%2FlS.png (315x250)
2026/05/04 14:40:33 [DEBUG] image cache: decoded https://img.itch.zone/aW1nLzE1NzkzMjI4LnBuZw==/315x250%23c/NKRtI5.png as png (25440 bytes)
2026/05/04 14:40:33 [DEBUG] image cache: static https://img.itch.zone/aW1nLzE1NzkzMjI4LnBuZw==/315x250%23c/NKRtI5.png
2026/05/04 14:40:33 [DEBUG] image cache: fetch https://img.itch.zone/aW1nLzE1Nzk2NzQyLnBuZw==/315x250%23c/TDg041.png
2026/05/04 14:40:33 [DEBUG] image cache: uploaded static https://img.itch.zone/aW1nLzE1NzkzMjI4LnBuZw==/315x250%23c/NKRtI5.png (315x250)
2026/05/04 14:40:33 [DEBUG] image cache: decoded https://img.itch.zone/aW1nLzE1Nzk2NzQyLnBuZw==/315x250%23c/TDg041.png as png (21164 bytes)
2026/05/04 14:40:33 [DEBUG] image cache: static https://img.itch.zone/aW1nLzE1Nzk2NzQyLnBuZw==/315x250%23c/TDg041.png
2026/05/04 14:40:34 [DEBUG] image cache: fetch https://img.itch.zone/aW1nLzE1NzY0NDc0LnBuZw==/315x250%23c/VUdtst.png
2026/05/04 14:40:34 [DEBUG] image cache: uploaded static https://img.itch.zone/aW1nLzE1Nzk2NzQyLnBuZw==/315x250%23c/TDg041.png (315x250)
2026/05/04 14:40:34 [DEBUG] cover: warmed window abs=2 ±5 (4 games in view)
2026/05/04 14:40:34 [DEBUG] image cache: decoded https://img.itch.zone/aW1nLzE1NzY0NDc0LnBuZw==/315x250%23c/VUdtst.png as png (44335 bytes)
2026/05/04 14:40:34 [DEBUG] image cache: static https://img.itch.zone/aW1nLzE1NzY0NDc0LnBuZw==/315x250%23c/VUdtst.png
2026/05/04 14:40:34 [DEBUG] image cache: fetch https://img.itch.zone/aW1nLzI1MTk2NTYwLnBuZw==/315x250%23c/zJcdad.png
2026/05/04 14:40:34 [DEBUG] image cache: uploaded static https://img.itch.zone/aW1nLzE1NzY0NDc0LnBuZw==/315x250%23c/VUdtst.png (315x250)
2026/05/04 14:40:34 [DEBUG] image cache: decoded https://img.itch.zone/aW1nLzI1MTk2NTYwLnBuZw==/315x250%23c/zJcdad.png as png (43790 bytes)
2026/05/04 14:40:34 [DEBUG] image cache: static https://img.itch.zone/aW1nLzI1MTk2NTYwLnBuZw==/315x250%23c/zJcdad.png
2026/05/04 14:40:34 [DEBUG] image cache: uploaded static https://img.itch.zone/aW1nLzI1MTk2NTYwLnBuZw==/315x250%23c/zJcdad.png (315x250)
2026/05/04 14:40:34 [DEBUG] cover: warmed window abs=3 ±5 (4 games in view)
2026/05/04 14:40:35 [DEBUG] cover: warmed window abs=2 ±5 (4 games in view)
2026/05/04 14:40:35 [DEBUG] cover: warmed window abs=1 ±5 (4 games in view)
2026/05/04 14:40:35 [DEBUG] cover: warmed window abs=0 ±5 (4 games in view)
2026/05/04 14:40:56 [DEBUG] image cache: uploaded animated https://img.itch.zone/aW1nLzgyMDA5NzcuZ2lm/original/z%2Fte%2Bp.gif (64 frames, 640x573)
2026/05/04 15:21:39 [INFO]  itchio-pak v1.0.11 starting
2026/05/04 15:21:39 [INFO]  Git commit: c4d6b94
2026/05/04 15:21:39 [DEBUG] inventory: loaded 4 entries from /mnt/SDCARD/.userdata/shared/Itch-io/inventory.json
2026/05/04 15:21:39 [INFO]  inventory: cleaned 0 stale file(s)
2026/05/04 15:21:39 [DEBUG] inventory: saved 4 entries to /mnt/SDCARD/.userdata/shared/Itch-io/inventory.json
2026/05/04 15:21:39 [INFO]  platform=tg5040 nextui=NextUI-20260407-0 log_level=debug
2026/05/04 15:21:39 [INFO]  display: 1024x768
2026/05/04 15:21:39 [INFO]  theme: loaded from /mnt/SDCARD/.userdata/shared/minuisettings.txt
2026/05/04 15:21:39 [DEBUG] theme: bg=#000000 accent=#9B2257 main=#FFFFFF
2026/05/04 15:21:39 [INFO]  theme: available=true, active=false
2026/05/04 15:21:39 [INFO]  renderer: fallback font loaded: font_fallback_arabic.ttf
2026/05/04 15:21:39 [INFO]  renderer: fallback font loaded: font_fallback_devanagari.ttf
2026/05/04 15:21:39 [INFO]  renderer: fallback font loaded: font_fallback_hebrew.ttf
2026/05/04 15:21:39 [INFO]  renderer: fallback font loaded: font_fallback_thai.ttf
2026/05/04 15:21:39 [INFO]  update-svc: checking 4 inventory entries
2026/05/04 15:21:39 [DEBUG] update-svc: cover art present for 2021MoonEscapeDX.gb
2026/05/04 15:21:39 [DEBUG] game: fetching detail https://mike-yamato.itch.io/2021-moon-escape
2026/05/04 15:21:39 [INFO]  power: monitoring /dev/input/event1 for power key events
2026/05/04 15:21:39 [INFO]  cache: loaded 1319 games from /mnt/SDCARD/.userdata/shared/Itch-io/games_cache.json (age=5h30m53s)
2026/05/04 15:21:39 [DEBUG] sort: view rebuilt — 4 games visible (mode=DL), selection gone; landing at nearest position (page=1, cursor=0)
2026/05/04 15:21:39 [DEBUG] cache: fresh (age=5h30m53s), skipping background refresh
2026/05/04 15:21:40 [DEBUG] image cache: warming https://img.itch.zone/aW1nLzE1ODMyNTkyLnBuZw==/315x250%23c/B2dHzw.png
2026/05/04 15:21:40 [DEBUG] image cache: warming https://img.itch.zone/aW1nLzIzMTUyNzgxLnBuZw==/315x250%23c/lJNHQC.png
2026/05/04 15:21:40 [DEBUG] image cache: warming https://img.itch.zone/aW1nLzEwMDc5MjAxLmdpZg==/original/sYOfZw.gif
2026/05/04 15:21:40 [DEBUG] image cache: warming https://img.itch.zone/aW1nLzI1MTk2NTYwLnBuZw==/315x250%23c/zJcdad.png
2026/05/04 15:21:40 [DEBUG] cover: warmed window abs=0 ±5 (4 games in view)
2026/05/04 15:21:40 [DEBUG] image cache: fetch https://img.itch.zone/aW1nLzE1ODMyNTkyLnBuZw==/315x250%23c/B2dHzw.png
2026/05/04 15:21:40 [DEBUG] image cache: fetch https://img.itch.zone/aW1nLzIzMTUyNzgxLnBuZw==/315x250%23c/lJNHQC.png
2026/05/04 15:21:40 [DEBUG] game: gameID="1548566"
2026/05/04 15:21:40 [DEBUG] game: 10 page tags: [8-bit emulator exploration game-boy gameboy gbc gbstudio pixel-art retro science-fiction]
2026/05/04 15:21:40 [DEBUG] game: 15 screenshots found
2026/05/04 15:21:40 [DEBUG] game: 0 bundle name(s): []
2026/05/04 15:21:40 [DEBUG] update-svc: paid game https://mike-yamato.itch.io/2021-moon-escape reachable, no file diff
2026/05/04 15:21:40 [DEBUG] update-svc: cover art present for Capybara-Village-Update1.gb
2026/05/04 15:21:40 [DEBUG] update-svc: cover art present for Capybara-Village-Update1.gb
2026/05/04 15:21:40 [DEBUG] update-svc: cover art present for Capybara-Village-Update1.gb
2026/05/04 15:21:40 [DEBUG] image cache: decoded https://img.itch.zone/aW1nLzIzMTUyNzgxLnBuZw==/315x250%23c/lJNHQC.png as png (37202 bytes)
2026/05/04 15:21:40 [DEBUG] image cache: static https://img.itch.zone/aW1nLzIzMTUyNzgxLnBuZw==/315x250%23c/lJNHQC.png
2026/05/04 15:21:40 [DEBUG] image cache: fetch https://img.itch.zone/aW1nLzEwMDc5MjAxLmdpZg==/original/sYOfZw.gif
2026/05/04 15:21:40 [DEBUG] image cache: decoded https://img.itch.zone/aW1nLzE1ODMyNTkyLnBuZw==/315x250%23c/B2dHzw.png as png (26336 bytes)
2026/05/04 15:21:40 [DEBUG] image cache: static https://img.itch.zone/aW1nLzE1ODMyNTkyLnBuZw==/315x250%23c/B2dHzw.png
2026/05/04 15:21:40 [DEBUG] image cache: fetch https://img.itch.zone/aW1nLzI1MTk2NTYwLnBuZw==/315x250%23c/zJcdad.png
2026/05/04 15:21:40 [DEBUG] image cache: uploaded static https://img.itch.zone/aW1nLzIzMTUyNzgxLnBuZw==/315x250%23c/lJNHQC.png (315x250)
2026/05/04 15:21:40 [DEBUG] image cache: uploaded static https://img.itch.zone/aW1nLzE1ODMyNTkyLnBuZw==/315x250%23c/B2dHzw.png (315x250)
2026/05/04 15:21:40 [DEBUG] image cache: decoded https://img.itch.zone/aW1nLzI1MTk2NTYwLnBuZw==/315x250%23c/zJcdad.png as png (43790 bytes)
2026/05/04 15:21:40 [DEBUG] image cache: static https://img.itch.zone/aW1nLzI1MTk2NTYwLnBuZw==/315x250%23c/zJcdad.png
2026/05/04 15:21:40 [DEBUG] image cache: uploaded static https://img.itch.zone/aW1nLzI1MTk2NTYwLnBuZw==/315x250%23c/zJcdad.png (315x250)
2026/05/04 15:21:40 [DEBUG] uploads: signed download URL received
2026/05/04 15:21:40 [DEBUG] uploads: download key extracted
2026/05/04 15:21:40 [DEBUG] download-page: fetching signed download page
2026/05/04 15:21:41 [DEBUG] image cache: decoded https://img.itch.zone/aW1nLzEwMDc5MjAxLmdpZg==/original/sYOfZw.gif as gif (2167289 bytes)
2026/05/04 15:21:41 [DEBUG] download-page: CSRF token present
2026/05/04 15:21:41 [DEBUG] download-page: found ROM Capybara-Village-Update1.gb id=10398331
2026/05/04 15:21:41 [DEBUG] download-page: skipping Capybara-Village-Update1.pocket (ext=".pocket")
2026/05/04 15:21:41 [DEBUG] download-page: found ROM Game-Jam-Submission-Version.gb id=10242324
2026/05/04 15:21:41 [INFO]  download-page: 2 known ROM(s), 0 unknown-format file(s)
2026/05/04 15:21:41 [DEBUG] uploads: found Capybara-Village-Update1.gb id=10398331
2026/05/04 15:21:41 [DEBUG] uploads: found Game-Jam-Submission-Version.gb id=10242324
2026/05/04 15:21:41 [DEBUG] update-svc: https://playinstinct.itch.io/capybara-village — 2 upstream file(s) recorded
2026/05/04 15:21:41 [DEBUG] update-svc: cover art present for SOLASTRA v1.1.2.gb
2026/05/04 15:21:41 [DEBUG] game: fetching detail https://vorvy.itch.io/solastra
2026/05/04 15:21:41 [DEBUG] image cache: animated GIF https://img.itch.zone/aW1nLzEwMDc5MjAxLmdpZg==/original/sYOfZw.gif (274 frames)
2026/05/04 15:21:41 [DEBUG] game: gameID="4228927"
2026/05/04 15:21:41 [DEBUG] game: 10 page tags: [atmospheric cozy dark exploration gameboy mystery science-fiction space storygame story-rich]
2026/05/04 15:21:41 [DEBUG] game: 6 screenshots found
2026/05/04 15:21:41 [DEBUG] game: 0 bundle name(s): []
2026/05/04 15:21:41 [DEBUG] update-svc: paid game https://vorvy.itch.io/solastra reachable, no file diff
2026/05/04 15:21:41 [DEBUG] update-svc: cover art present for Glory Hunters 2.0.zip
2026/05/04 15:21:41 [DEBUG] update-svc: cover art present for Glory Hunters 2.0.zip
2026/05/04 15:21:41 [DEBUG] game: fetching detail https://2think.itch.io/glory-hunters
2026/05/04 15:21:41 [DEBUG] game: gameID="1206111"
2026/05/04 15:21:41 [DEBUG] game: 9 page tags: [8-bit action-adventure analogue-pocket gameboy gameboy-rom homebrew pixel-art retro top-down-adventure]
2026/05/04 15:21:41 [DEBUG] game: 4 screenshots found
2026/05/04 15:21:41 [DEBUG] game: 1 bundle name(s): [✨Glory Hunters Collection 2026✨]
2026/05/04 15:21:41 [DEBUG] update-svc: paid game https://2think.itch.io/glory-hunters reachable, no file diff
2026/05/04 15:21:41 [DEBUG] inventory: saved 4 entries to /mnt/SDCARD/.userdata/shared/Itch-io/inventory.json
2026/05/04 15:21:41 [INFO]  update-svc: check complete
2026/05/04 15:21:41 [DEBUG] sort: view rebuilt — 4 games visible (mode=DL), restored selection to "https://2think.itch.io/glory-hunters" (page=1, cursor=0)
2026/05/04 15:21:42 [DEBUG] image cache: uploaded animated https://img.itch.zone/aW1nLzEwMDc5MjAxLmdpZg==/original/sYOfZw.gif (64 frames, 225x204)
2026/05/04 15:21:42 [DEBUG] cover: warmed window abs=0 ±5 (4 games in view)
2026/05/04 15:21:43 [DEBUG] cover: warmed window abs=1 ±5 (4 games in view)
2026/05/04 15:21:43 [DEBUG] cover: warmed window abs=2 ±5 (4 games in view)
2026/05/04 15:21:44 [DEBUG] cover: warmed window abs=3 ±5 (4 games in view)
2026/05/04 15:21:46 [DEBUG] cover: warmed window abs=1 ±5 (4 games in view)
2026/05/04 15:21:47 [DEBUG] detail: fetching https://playinstinct.itch.io/capybara-village
2026/05/04 15:21:47 [DEBUG] game: fetching detail https://playinstinct.itch.io/capybara-village
2026/05/04 15:21:48 [DEBUG] game: gameID="2661299"
2026/05/04 15:21:48 [DEBUG] game: 9 page tags: [capybara cozy cozy-game game-boy gameboy game-boy-color gameboy-color gameboy-rom japanese-village]
2026/05/04 15:21:48 [DEBUG] game: 6 screenshots found
2026/05/04 15:21:48 [DEBUG] game: 0 bundle name(s): []
2026/05/04 15:21:48 [INFO]  detail: 6 screenshots
2026/05/04 15:21:50 [DEBUG] fetch: isFree=true apiKey=true detailNil=false gameID="2661299" useAuthPath=false
2026/05/04 15:21:50 [DEBUG] uploads: signed download URL received
2026/05/04 15:21:50 [DEBUG] uploads: download key extracted
2026/05/04 15:21:50 [DEBUG] download-page: fetching signed download page
2026/05/04 15:21:51 [DEBUG] download-page: CSRF token present
2026/05/04 15:21:51 [DEBUG] download-page: found ROM Capybara-Village-Update1.gb id=10398331
2026/05/04 15:21:51 [DEBUG] download-page: skipping Capybara-Village-Update1.pocket (ext=".pocket")
2026/05/04 15:21:51 [DEBUG] download-page: found ROM Game-Jam-Submission-Version.gb id=10242324
2026/05/04 15:21:51 [INFO]  download-page: 2 known ROM(s), 0 unknown-format file(s)
2026/05/04 15:21:51 [DEBUG] uploads: found Capybara-Village-Update1.gb id=10398331
2026/05/04 15:21:51 [DEBUG] uploads: found Game-Jam-Submission-Version.gb id=10242324
2026/05/04 15:21:52 [INFO]  download: starting "Capybara Village" file=Capybara-Village-Update1.gb dest=/mnt/SDCARD/Roms/Game Boy (GB)/Capybara Village.gb auth=false
2026/05/04 15:21:52 [DEBUG] uploads: POST resolver csrf=present key=present
2026/05/04 15:21:53 [INFO]  stream: → /mnt/SDCARD/Roms/Game Boy (GB)/Capybara Village.gb (524288 bytes)
2026/05/04 15:21:53 [INFO]  stream: done, wrote 524288 bytes
2026/05/04 15:21:53 [INFO]  download: complete file=Capybara-Village-Update1.gb
2026/05/04 15:21:53 [INFO]  cover-art: downloading for Capybara Village.gb
2026/05/04 15:21:54 [DEBUG] cover-art: decoded Capybara Village.png as png
2026/05/04 15:21:54 [INFO]  cover-art: saved → /mnt/SDCARD/Roms/Game Boy (GB)/.media/Capybara Village.png
2026/05/04 15:21:54 [DEBUG] inventory: saved 4 entries to /mnt/SDCARD/.userdata/shared/Itch-io/inventory.json
2026/05/04 15:21:54 [INFO]  inventory: recorded game="Capybara Village" file=Capybara Village.gb unified=true
2026/05/04 15:21:55 [DEBUG] sort: view rebuilt — 4 games visible (mode=DL), restored selection to "https://playinstinct.itch.io/capybara-village" (page=1, cursor=1)
2026/05/04 15:21:56 [DEBUG] cover: warmed window abs=1 ±5 (4 games in view)
2026/05/04 15:21:56 [DEBUG] validate: background API key check starting
2026/05/04 15:21:56 [INFO]  validate: API key valid
2026/05/04 15:21:59 [INFO]  update-svc: checking 4 inventory entries
2026/05/04 15:21:59 [DEBUG] update-svc: cover art present for Glory Hunters 2.0.zip
2026/05/04 15:21:59 [DEBUG] update-svc: cover art present for Glory Hunters 2.0.zip
2026/05/04 15:21:59 [DEBUG] game: fetching detail https://2think.itch.io/glory-hunters
2026/05/04 15:21:59 [INFO]  update-svc: manual check triggered
2026/05/04 15:21:59 [INFO]  settings: Update Inventory triggered manually
2026/05/04 15:21:59 [DEBUG] game: gameID="1206111"
2026/05/04 15:21:59 [DEBUG] game: 9 page tags: [8-bit action-adventure analogue-pocket gameboy gameboy-rom homebrew pixel-art retro top-down-adventure]
2026/05/04 15:21:59 [DEBUG] game: 4 screenshots found
2026/05/04 15:21:59 [DEBUG] game: 1 bundle name(s): [✨Glory Hunters Collection 2026✨]
2026/05/04 15:21:59 [DEBUG] update-svc: paid game https://2think.itch.io/glory-hunters reachable, no file diff
2026/05/04 15:21:59 [DEBUG] update-svc: cover art present for 2021MoonEscapeDX.gb
2026/05/04 15:21:59 [DEBUG] game: fetching detail https://mike-yamato.itch.io/2021-moon-escape
2026/05/04 15:22:00 [DEBUG] game: gameID="1548566"
2026/05/04 15:22:00 [DEBUG] game: 10 page tags: [8-bit emulator exploration game-boy gameboy gbc gbstudio pixel-art retro science-fiction]
2026/05/04 15:22:00 [DEBUG] game: 15 screenshots found
2026/05/04 15:22:00 [DEBUG] game: 0 bundle name(s): []
2026/05/04 15:22:00 [DEBUG] update-svc: paid game https://mike-yamato.itch.io/2021-moon-escape reachable, no file diff
2026/05/04 15:22:00 [DEBUG] update-svc: cover art present for Capybara-Village-Update1.gb
2026/05/04 15:22:00 [DEBUG] update-svc: cover art present for Capybara-Village-Update1.gb
2026/05/04 15:22:00 [DEBUG] update-svc: cover art present for Capybara-Village-Update1.gb
2026/05/04 15:22:00 [DEBUG] uploads: signed download URL received
2026/05/04 15:22:00 [DEBUG] uploads: download key extracted
2026/05/04 15:22:00 [DEBUG] download-page: fetching signed download page
2026/05/04 15:22:01 [DEBUG] download-page: CSRF token present
2026/05/04 15:22:01 [DEBUG] download-page: found ROM Capybara-Village-Update1.gb id=10398331
2026/05/04 15:22:01 [DEBUG] download-page: skipping Capybara-Village-Update1.pocket (ext=".pocket")
2026/05/04 15:22:01 [DEBUG] download-page: found ROM Game-Jam-Submission-Version.gb id=10242324
2026/05/04 15:22:01 [INFO]  download-page: 2 known ROM(s), 0 unknown-format file(s)
2026/05/04 15:22:01 [DEBUG] uploads: found Capybara-Village-Update1.gb id=10398331
2026/05/04 15:22:01 [DEBUG] uploads: found Game-Jam-Submission-Version.gb id=10242324
2026/05/04 15:22:01 [DEBUG] update-svc: https://playinstinct.itch.io/capybara-village — 2 upstream file(s) recorded
2026/05/04 15:22:01 [DEBUG] update-svc: cover art present for SOLASTRA v1.1.2.gb
2026/05/04 15:22:01 [DEBUG] game: fetching detail https://vorvy.itch.io/solastra
2026/05/04 15:22:01 [DEBUG] game: gameID="4228927"
2026/05/04 15:22:01 [DEBUG] game: 10 page tags: [atmospheric cozy dark exploration gameboy mystery science-fiction space storygame story-rich]
2026/05/04 15:22:01 [DEBUG] game: 6 screenshots found
2026/05/04 15:22:01 [DEBUG] game: 0 bundle name(s): []
2026/05/04 15:22:01 [DEBUG] update-svc: paid game https://vorvy.itch.io/solastra reachable, no file diff
2026/05/04 15:22:01 [DEBUG] inventory: saved 4 entries to /mnt/SDCARD/.userdata/shared/Itch-io/inventory.json
2026/05/04 15:22:01 [INFO]  update-svc: check complete
2026/05/04 15:22:02 [DEBUG] sort: view rebuilt — 4 games visible (mode=DL), restored selection to "https://playinstinct.itch.io/capybara-village" (page=1, cursor=1)
2026/05/04 15:22:02 [DEBUG] cover: warmed window abs=1 ±5 (4 games in view)
2026/05/04 15:22:08 [INFO]  itchio-pak v1.0.11 starting
2026/05/04 15:22:08 [INFO]  Git commit: c4d6b94
2026/05/04 15:22:08 [DEBUG] inventory: loaded 4 entries from /mnt/SDCARD/.userdata/shared/Itch-io/inventory.json
2026/05/04 15:22:08 [INFO]  inventory: cleaned 0 stale file(s)
2026/05/04 15:22:08 [DEBUG] inventory: saved 4 entries to /mnt/SDCARD/.userdata/shared/Itch-io/inventory.json
2026/05/04 15:22:08 [INFO]  platform=tg5040 nextui=NextUI-20260407-0 log_level=debug
2026/05/04 15:22:08 [INFO]  display: 1024x768
2026/05/04 15:22:08 [INFO]  theme: loaded from /mnt/SDCARD/.userdata/shared/minuisettings.txt
2026/05/04 15:22:08 [DEBUG] theme: bg=#000000 accent=#9B2257 main=#FFFFFF
2026/05/04 15:22:08 [INFO]  theme: available=true, active=false
2026/05/04 15:22:08 [INFO]  renderer: fallback font loaded: font_fallback_arabic.ttf
2026/05/04 15:22:08 [INFO]  renderer: fallback font loaded: font_fallback_devanagari.ttf
2026/05/04 15:22:08 [INFO]  renderer: fallback font loaded: font_fallback_hebrew.ttf
2026/05/04 15:22:08 [INFO]  renderer: fallback font loaded: font_fallback_thai.ttf
2026/05/04 15:22:08 [INFO]  update-svc: checking 4 inventory entries
2026/05/04 15:22:08 [DEBUG] update-svc: cover art present for Glory Hunters 2.0.zip
2026/05/04 15:22:08 [DEBUG] update-svc: cover art present for Glory Hunters 2.0.zip
2026/05/04 15:22:08 [DEBUG] game: fetching detail https://2think.itch.io/glory-hunters
2026/05/04 15:22:08 [INFO]  power: monitoring /dev/input/event1 for power key events
2026/05/04 15:22:08 [INFO]  cache: loaded 1319 games from /mnt/SDCARD/.userdata/shared/Itch-io/games_cache.json (age=5h31m22s)
2026/05/04 15:22:08 [DEBUG] sort: view rebuilt — 4 games visible (mode=DL), selection gone; landing at nearest position (page=1, cursor=0)
2026/05/04 15:22:08 [DEBUG] cache: fresh (age=5h31m22s), skipping background refresh
2026/05/04 15:22:09 [DEBUG] image cache: warming https://img.itch.zone/aW1nLzE1ODMyNTkyLnBuZw==/315x250%23c/B2dHzw.png
2026/05/04 15:22:09 [DEBUG] image cache: warming https://img.itch.zone/aW1nLzIzMTUyNzgxLnBuZw==/315x250%23c/lJNHQC.png
2026/05/04 15:22:09 [DEBUG] image cache: warming https://img.itch.zone/aW1nLzEwMDc5MjAxLmdpZg==/original/sYOfZw.gif
2026/05/04 15:22:09 [DEBUG] image cache: warming https://img.itch.zone/aW1nLzI1MTk2NTYwLnBuZw==/315x250%23c/zJcdad.png
2026/05/04 15:22:09 [DEBUG] cover: warmed window abs=0 ±5 (4 games in view)
2026/05/04 15:22:09 [DEBUG] image cache: fetch https://img.itch.zone/aW1nLzIzMTUyNzgxLnBuZw==/315x250%23c/lJNHQC.png
2026/05/04 15:22:09 [DEBUG] image cache: fetch https://img.itch.zone/aW1nLzE1ODMyNTkyLnBuZw==/315x250%23c/B2dHzw.png
2026/05/04 15:22:09 [DEBUG] image cache: decoded https://img.itch.zone/aW1nLzIzMTUyNzgxLnBuZw==/315x250%23c/lJNHQC.png as png (37202 bytes)
2026/05/04 15:22:09 [DEBUG] image cache: static https://img.itch.zone/aW1nLzIzMTUyNzgxLnBuZw==/315x250%23c/lJNHQC.png
2026/05/04 15:22:09 [DEBUG] image cache: fetch https://img.itch.zone/aW1nLzEwMDc5MjAxLmdpZg==/original/sYOfZw.gif
2026/05/04 15:22:09 [DEBUG] image cache: uploaded static https://img.itch.zone/aW1nLzIzMTUyNzgxLnBuZw==/315x250%23c/lJNHQC.png (315x250)
2026/05/04 15:22:09 [DEBUG] image cache: decoded https://img.itch.zone/aW1nLzE1ODMyNTkyLnBuZw==/315x250%23c/B2dHzw.png as png (26336 bytes)
2026/05/04 15:22:09 [DEBUG] image cache: static https://img.itch.zone/aW1nLzE1ODMyNTkyLnBuZw==/315x250%23c/B2dHzw.png
2026/05/04 15:22:09 [DEBUG] image cache: fetch https://img.itch.zone/aW1nLzI1MTk2NTYwLnBuZw==/315x250%23c/zJcdad.png
2026/05/04 15:22:09 [DEBUG] image cache: uploaded static https://img.itch.zone/aW1nLzE1ODMyNTkyLnBuZw==/315x250%23c/B2dHzw.png (315x250)
2026/05/04 15:22:09 [DEBUG] image cache: decoded https://img.itch.zone/aW1nLzI1MTk2NTYwLnBuZw==/315x250%23c/zJcdad.png as png (43790 bytes)
2026/05/04 15:22:09 [DEBUG] image cache: static https://img.itch.zone/aW1nLzI1MTk2NTYwLnBuZw==/315x250%23c/zJcdad.png
2026/05/04 15:22:09 [DEBUG] image cache: uploaded static https://img.itch.zone/aW1nLzI1MTk2NTYwLnBuZw==/315x250%23c/zJcdad.png (315x250)
2026/05/04 15:22:10 [DEBUG] game: gameID="1206111"
2026/05/04 15:22:10 [DEBUG] game: 9 page tags: [8-bit action-adventure analogue-pocket gameboy gameboy-rom homebrew pixel-art retro top-down-adventure]
2026/05/04 15:22:10 [DEBUG] game: 4 screenshots found
2026/05/04 15:22:10 [DEBUG] game: 1 bundle name(s): [✨Glory Hunters Collection 2026✨]
2026/05/04 15:22:10 [DEBUG] update-svc: paid game https://2think.itch.io/glory-hunters reachable, no file diff
2026/05/04 15:22:10 [DEBUG] update-svc: cover art present for 2021MoonEscapeDX.gb
2026/05/04 15:22:10 [DEBUG] game: fetching detail https://mike-yamato.itch.io/2021-moon-escape
2026/05/04 15:22:10 [DEBUG] image cache: decoded https://img.itch.zone/aW1nLzEwMDc5MjAxLmdpZg==/original/sYOfZw.gif as gif (2167289 bytes)
2026/05/04 15:22:10 [DEBUG] image cache: animated GIF https://img.itch.zone/aW1nLzEwMDc5MjAxLmdpZg==/original/sYOfZw.gif (274 frames)
2026/05/04 15:22:10 [DEBUG] game: gameID="1548566"
2026/05/04 15:22:10 [DEBUG] game: 10 page tags: [8-bit emulator exploration game-boy gameboy gbc gbstudio pixel-art retro science-fiction]
2026/05/04 15:22:10 [DEBUG] game: 15 screenshots found
2026/05/04 15:22:10 [DEBUG] game: 0 bundle name(s): []
2026/05/04 15:22:10 [DEBUG] update-svc: paid game https://mike-yamato.itch.io/2021-moon-escape reachable, no file diff
2026/05/04 15:22:10 [DEBUG] update-svc: cover art present for Capybara-Village-Update1.gb
2026/05/04 15:22:10 [DEBUG] update-svc: cover art present for Capybara-Village-Update1.gb
2026/05/04 15:22:10 [DEBUG] update-svc: cover art present for Capybara-Village-Update1.gb
2026/05/04 15:22:11 [DEBUG] uploads: signed download URL received
2026/05/04 15:22:11 [DEBUG] uploads: download key extracted
2026/05/04 15:22:11 [DEBUG] download-page: fetching signed download page
2026/05/04 15:22:11 [DEBUG] image cache: uploaded animated https://img.itch.zone/aW1nLzEwMDc5MjAxLmdpZg==/original/sYOfZw.gif (64 frames, 225x204)
2026/05/04 15:22:11 [DEBUG] download-page: CSRF token present
2026/05/04 15:22:11 [DEBUG] download-page: found ROM Capybara-Village-Update1.gb id=10398331
2026/05/04 15:22:11 [DEBUG] download-page: skipping Capybara-Village-Update1.pocket (ext=".pocket")
2026/05/04 15:22:11 [DEBUG] download-page: found ROM Game-Jam-Submission-Version.gb id=10242324
2026/05/04 15:22:11 [INFO]  download-page: 2 known ROM(s), 0 unknown-format file(s)
2026/05/04 15:22:11 [DEBUG] uploads: found Capybara-Village-Update1.gb id=10398331
2026/05/04 15:22:11 [DEBUG] uploads: found Game-Jam-Submission-Version.gb id=10242324
2026/05/04 15:22:11 [DEBUG] update-svc: https://playinstinct.itch.io/capybara-village — 2 upstream file(s) recorded
2026/05/04 15:22:11 [DEBUG] update-svc: cover art present for SOLASTRA v1.1.2.gb
2026/05/04 15:22:11 [DEBUG] game: fetching detail https://vorvy.itch.io/solastra
2026/05/04 15:22:12 [DEBUG] game: gameID="4228927"
2026/05/04 15:22:12 [DEBUG] game: 10 page tags: [atmospheric cozy dark exploration gameboy mystery science-fiction space storygame story-rich]
2026/05/04 15:22:12 [DEBUG] game: 6 screenshots found
2026/05/04 15:22:12 [DEBUG] game: 0 bundle name(s): []
2026/05/04 15:22:12 [DEBUG] update-svc: paid game https://vorvy.itch.io/solastra reachable, no file diff
2026/05/04 15:22:12 [DEBUG] inventory: saved 4 entries to /mnt/SDCARD/.userdata/shared/Itch-io/inventory.json
2026/05/04 15:22:12 [INFO]  update-svc: check complete
2026/05/04 15:22:12 [DEBUG] sort: view rebuilt — 4 games visible (mode=DL), restored selection to "https://2think.itch.io/glory-hunters" (page=1, cursor=0)
2026/05/04 15:22:12 [DEBUG] cover: warmed window abs=0 ±5 (4 games in view)
2026/05/04 15:23:53 [DEBUG] validate: background API key check starting
2026/05/04 15:23:53 [INFO]  validate: API key valid
2026/05/04 15:23:55 [INFO]  update-svc: checking 4 inventory entries
2026/05/04 15:23:55 [DEBUG] update-svc: cover art present for Capybara-Village-Update1.gb
2026/05/04 15:23:55 [DEBUG] update-svc: cover art present for Capybara-Village-Update1.gb
2026/05/04 15:23:55 [DEBUG] update-svc: cover art present for Capybara-Village-Update1.gb
2026/05/04 15:23:55 [INFO]  update-svc: manual check triggered
2026/05/04 15:23:55 [INFO]  settings: Update Inventory triggered manually
2026/05/04 15:23:56 [DEBUG] uploads: signed download URL received
2026/05/04 15:23:56 [DEBUG] uploads: download key extracted
2026/05/04 15:23:56 [DEBUG] download-page: fetching signed download page
2026/05/04 15:23:56 [DEBUG] download-page: CSRF token present
2026/05/04 15:23:56 [DEBUG] download-page: found ROM Capybara-Village-Update1.gb id=10398331
2026/05/04 15:23:56 [DEBUG] download-page: skipping Capybara-Village-Update1.pocket (ext=".pocket")
2026/05/04 15:23:56 [DEBUG] download-page: found ROM Game-Jam-Submission-Version.gb id=10242324
2026/05/04 15:23:56 [INFO]  download-page: 2 known ROM(s), 0 unknown-format file(s)
2026/05/04 15:23:56 [DEBUG] uploads: found Capybara-Village-Update1.gb id=10398331
2026/05/04 15:23:56 [DEBUG] uploads: found Game-Jam-Submission-Version.gb id=10242324
2026/05/04 15:23:56 [DEBUG] update-svc: https://playinstinct.itch.io/capybara-village — 2 upstream file(s) recorded
2026/05/04 15:23:56 [DEBUG] update-svc: cover art present for SOLASTRA v1.1.2.gb
2026/05/04 15:23:56 [DEBUG] game: fetching detail https://vorvy.itch.io/solastra
2026/05/04 15:23:56 [DEBUG] game: gameID="4228927"
2026/05/04 15:23:56 [DEBUG] game: 10 page tags: [atmospheric cozy dark exploration gameboy mystery science-fiction space storygame story-rich]
2026/05/04 15:23:56 [DEBUG] game: 6 screenshots found
2026/05/04 15:23:56 [DEBUG] game: 0 bundle name(s): []
2026/05/04 15:23:56 [DEBUG] update-svc: paid game https://vorvy.itch.io/solastra reachable, no file diff
2026/05/04 15:23:56 [DEBUG] update-svc: cover art present for Glory Hunters 2.0.zip
2026/05/04 15:23:56 [DEBUG] update-svc: cover art present for Glory Hunters 2.0.zip
2026/05/04 15:23:56 [DEBUG] game: fetching detail https://2think.itch.io/glory-hunters
2026/05/04 15:23:57 [DEBUG] game: gameID="1206111"
2026/05/04 15:23:57 [DEBUG] game: 9 page tags: [8-bit action-adventure analogue-pocket gameboy gameboy-rom homebrew pixel-art retro top-down-adventure]
2026/05/04 15:23:57 [DEBUG] game: 4 screenshots found
2026/05/04 15:23:57 [DEBUG] game: 1 bundle name(s): [✨Glory Hunters Collection 2026✨]
2026/05/04 15:23:57 [DEBUG] update-svc: paid game https://2think.itch.io/glory-hunters reachable, no file diff
2026/05/04 15:23:57 [DEBUG] update-svc: cover art present for 2021MoonEscapeDX.gb
2026/05/04 15:23:57 [DEBUG] game: fetching detail https://mike-yamato.itch.io/2021-moon-escape
2026/05/04 15:23:57 [DEBUG] game: gameID="1548566"
2026/05/04 15:23:57 [DEBUG] game: 10 page tags: [8-bit emulator exploration game-boy gameboy gbc gbstudio pixel-art retro science-fiction]
2026/05/04 15:23:57 [DEBUG] game: 15 screenshots found
2026/05/04 15:23:57 [DEBUG] game: 0 bundle name(s): []
2026/05/04 15:23:57 [DEBUG] update-svc: paid game https://mike-yamato.itch.io/2021-moon-escape reachable, no file diff
2026/05/04 15:23:57 [DEBUG] inventory: saved 4 entries to /mnt/SDCARD/.userdata/shared/Itch-io/inventory.json
2026/05/04 15:23:57 [INFO]  update-svc: check complete
2026/05/04 15:33:01 [DEBUG] sort: view rebuilt — 4 games visible (mode=DL), restored selection to "https://2think.itch.io/glory-hunters" (page=1, cursor=0)
2026/05/04 15:33:01 [DEBUG] cover: warmed window abs=0 ±5 (4 games in view)
2026/05/04 15:33:03 [DEBUG] cover: warmed window abs=1 ±5 (4 games in view)
2026/05/04 15:33:03 [DEBUG] cover: warmed window abs=2 ±5 (4 games in view)
2026/05/04 15:33:03 [DEBUG] cover: warmed window abs=1 ±5 (4 games in view)
2026/05/04 15:33:04 [DEBUG] cover: warmed window abs=0 ±5 (4 games in view)
2026/05/04 15:41:55 [INFO]  itchio-pak v1.0.11 starting
2026/05/04 15:41:55 [INFO]  Git commit: bbe47d8
2026/05/04 15:41:55 [DEBUG] inventory: loaded 4 entries from /mnt/SDCARD/.userdata/shared/Itch-io/inventory.json
2026/05/04 15:41:55 [DEBUG] inventory: deduplicating 1 file(s) for game="Glory Hunters"
2026/05/04 15:41:55 [DEBUG] inventory: removing stale file=/mnt/SDCARD/Roms/Game Boy (GB)/Capybara Village (2).gb
2026/05/04 15:41:55 [DEBUG] inventory: removing stale file=/mnt/SDCARD/Roms/Game Boy (GB)/Capybara Village (3).gb
2026/05/04 15:41:55 [INFO]  inventory: cleaned 3 stale/duplicate file(s)
2026/05/04 15:41:55 [DEBUG] inventory: saved 4 entries to /mnt/SDCARD/.userdata/shared/Itch-io/inventory.json
2026/05/04 15:41:55 [INFO]  platform=tg5040 nextui=NextUI-20260407-0 log_level=debug
2026/05/04 15:41:55 [INFO]  display: 1024x768
2026/05/04 15:41:55 [INFO]  theme: loaded from /mnt/SDCARD/.userdata/shared/minuisettings.txt
2026/05/04 15:41:55 [DEBUG] theme: bg=#000000 accent=#9B2257 main=#FFFFFF
2026/05/04 15:41:55 [INFO]  theme: available=true, active=false
2026/05/04 15:41:55 [INFO]  renderer: fallback font loaded: font_fallback_arabic.ttf
2026/05/04 15:41:55 [INFO]  renderer: fallback font loaded: font_fallback_devanagari.ttf
2026/05/04 15:41:55 [INFO]  renderer: fallback font loaded: font_fallback_hebrew.ttf
2026/05/04 15:41:55 [INFO]  renderer: fallback font loaded: font_fallback_thai.ttf
2026/05/04 15:41:55 [INFO]  inventory: cleaned 0 stale/duplicate file(s)
2026/05/04 15:41:55 [INFO]  update-svc: checking 4 inventory entries
2026/05/04 15:41:55 [DEBUG] update-svc: cover art present for 2021MoonEscapeDX.gb
2026/05/04 15:41:55 [DEBUG] game: fetching detail https://mike-yamato.itch.io/2021-moon-escape
2026/05/04 15:41:55 [INFO]  power: monitoring /dev/input/event1 for power key events
2026/05/04 15:41:55 [INFO]  cache: loaded 1319 games from /mnt/SDCARD/.userdata/shared/Itch-io/games_cache.json (age=5h51m9s)
2026/05/04 15:41:55 [DEBUG] sort: view rebuilt — 4 games visible (mode=DL), selection gone; landing at nearest position (page=1, cursor=0)
2026/05/04 15:41:55 [DEBUG] cache: fresh (age=5h51m9s), skipping background refresh
2026/05/04 15:41:56 [DEBUG] game: gameID="1548566"
2026/05/04 15:41:56 [DEBUG] game: 10 page tags: [8-bit emulator exploration game-boy gameboy gbc gbstudio pixel-art retro science-fiction]
2026/05/04 15:41:56 [DEBUG] game: 15 screenshots found
2026/05/04 15:41:56 [DEBUG] game: 0 bundle name(s): []
2026/05/04 15:41:56 [DEBUG] update-svc: paid game https://mike-yamato.itch.io/2021-moon-escape reachable, no file diff
2026/05/04 15:41:56 [DEBUG] update-svc: cover art present for Capybara-Village-Update1.gb
2026/05/04 15:41:56 [DEBUG] uploads: signed download URL received
2026/05/04 15:41:56 [DEBUG] uploads: download key extracted
2026/05/04 15:41:56 [DEBUG] download-page: fetching signed download page
2026/05/04 15:41:57 [DEBUG] download-page: CSRF token present
2026/05/04 15:41:57 [DEBUG] download-page: found ROM Capybara-Village-Update1.gb id=10398331
2026/05/04 15:41:57 [DEBUG] download-page: skipping Capybara-Village-Update1.pocket (ext=".pocket")
2026/05/04 15:41:57 [DEBUG] download-page: found ROM Game-Jam-Submission-Version.gb id=10242324
2026/05/04 15:41:57 [INFO]  download-page: 2 known ROM(s), 0 unknown-format file(s)
2026/05/04 15:41:57 [DEBUG] uploads: found Capybara-Village-Update1.gb id=10398331
2026/05/04 15:41:57 [DEBUG] uploads: found Game-Jam-Submission-Version.gb id=10242324
2026/05/04 15:41:57 [DEBUG] update-svc: https://playinstinct.itch.io/capybara-village — 2 upstream file(s) recorded
2026/05/04 15:41:57 [DEBUG] update-svc: cover art present for SOLASTRA v1.1.2.gb
2026/05/04 15:41:57 [DEBUG] game: fetching detail https://vorvy.itch.io/solastra
2026/05/04 15:41:57 [DEBUG] game: gameID="4228927"
2026/05/04 15:41:57 [DEBUG] game: 10 page tags: [atmospheric cozy dark exploration gameboy mystery science-fiction space storygame story-rich]
2026/05/04 15:41:57 [DEBUG] game: 6 screenshots found
2026/05/04 15:41:57 [DEBUG] game: 0 bundle name(s): []
2026/05/04 15:41:57 [DEBUG] update-svc: paid game https://vorvy.itch.io/solastra reachable, no file diff
2026/05/04 15:41:57 [DEBUG] update-svc: cover art present for Glory Hunters 2.0.zip
2026/05/04 15:41:57 [DEBUG] game: fetching detail https://2think.itch.io/glory-hunters
2026/05/04 15:41:58 [DEBUG] game: gameID="1206111"
2026/05/04 15:41:58 [DEBUG] game: 9 page tags: [8-bit action-adventure analogue-pocket gameboy gameboy-rom homebrew pixel-art retro top-down-adventure]
2026/05/04 15:41:58 [DEBUG] game: 4 screenshots found
2026/05/04 15:41:58 [DEBUG] game: 1 bundle name(s): [✨Glory Hunters Collection 2026✨]
2026/05/04 15:41:58 [DEBUG] update-svc: paid game https://2think.itch.io/glory-hunters reachable, no file diff
2026/05/04 15:41:58 [DEBUG] inventory: saved 4 entries to /mnt/SDCARD/.userdata/shared/Itch-io/inventory.json
2026/05/04 15:41:58 [INFO]  update-svc: check complete
2026/05/04 15:41:58 [DEBUG] sort: view rebuilt — 4 games visible (mode=DL), restored selection to "https://2think.itch.io/glory-hunters" (page=1, cursor=0)
2026/05/04 15:42:05 [DEBUG] image cache: warming https://img.itch.zone/aW1nLzE1ODMyNTkyLnBuZw==/315x250%23c/B2dHzw.png
2026/05/04 15:42:05 [DEBUG] image cache: warming https://img.itch.zone/aW1nLzIzMTUyNzgxLnBuZw==/315x250%23c/lJNHQC.png
2026/05/04 15:42:05 [DEBUG] image cache: warming https://img.itch.zone/aW1nLzEwMDc5MjAxLmdpZg==/original/sYOfZw.gif
2026/05/04 15:42:05 [DEBUG] image cache: warming https://img.itch.zone/aW1nLzI1MTk2NTYwLnBuZw==/315x250%23c/zJcdad.png
2026/05/04 15:42:05 [DEBUG] cover: warmed window abs=1 ±5 (4 games in view)
2026/05/04 15:42:05 [DEBUG] image cache: fetch https://img.itch.zone/aW1nLzE1ODMyNTkyLnBuZw==/315x250%23c/B2dHzw.png
2026/05/04 15:42:05 [DEBUG] image cache: fetch https://img.itch.zone/aW1nLzIzMTUyNzgxLnBuZw==/315x250%23c/lJNHQC.png
2026/05/04 15:42:05 [DEBUG] image cache: decoded https://img.itch.zone/aW1nLzIzMTUyNzgxLnBuZw==/315x250%23c/lJNHQC.png as png (37202 bytes)
2026/05/04 15:42:05 [DEBUG] image cache: static https://img.itch.zone/aW1nLzIzMTUyNzgxLnBuZw==/315x250%23c/lJNHQC.png
2026/05/04 15:42:05 [DEBUG] image cache: fetch https://img.itch.zone/aW1nLzEwMDc5MjAxLmdpZg==/original/sYOfZw.gif
2026/05/04 15:42:05 [DEBUG] image cache: uploaded static https://img.itch.zone/aW1nLzIzMTUyNzgxLnBuZw==/315x250%23c/lJNHQC.png (315x250)
2026/05/04 15:42:06 [DEBUG] image cache: decoded https://img.itch.zone/aW1nLzE1ODMyNTkyLnBuZw==/315x250%23c/B2dHzw.png as png (26336 bytes)
2026/05/04 15:42:06 [DEBUG] image cache: static https://img.itch.zone/aW1nLzE1ODMyNTkyLnBuZw==/315x250%23c/B2dHzw.png
2026/05/04 15:42:06 [DEBUG] image cache: fetch https://img.itch.zone/aW1nLzI1MTk2NTYwLnBuZw==/315x250%23c/zJcdad.png
2026/05/04 15:42:06 [DEBUG] image cache: uploaded static https://img.itch.zone/aW1nLzE1ODMyNTkyLnBuZw==/315x250%23c/B2dHzw.png (315x250)
2026/05/04 15:42:06 [DEBUG] image cache: decoded https://img.itch.zone/aW1nLzI1MTk2NTYwLnBuZw==/315x250%23c/zJcdad.png as png (43790 bytes)
2026/05/04 15:42:06 [DEBUG] image cache: static https://img.itch.zone/aW1nLzI1MTk2NTYwLnBuZw==/315x250%23c/zJcdad.png
2026/05/04 15:42:06 [DEBUG] image cache: uploaded static https://img.itch.zone/aW1nLzI1MTk2NTYwLnBuZw==/315x250%23c/zJcdad.png (315x250)
2026/05/04 15:42:06 [DEBUG] cover: warmed window abs=0 ±5 (4 games in view)
2026/05/04 15:42:07 [DEBUG] image cache: decoded https://img.itch.zone/aW1nLzEwMDc5MjAxLmdpZg==/original/sYOfZw.gif as gif (2167289 bytes)
2026/05/04 15:42:07 [DEBUG] image cache: animated GIF https://img.itch.zone/aW1nLzEwMDc5MjAxLmdpZg==/original/sYOfZw.gif (274 frames)
2026/05/04 15:42:08 [DEBUG] image cache: uploaded animated https://img.itch.zone/aW1nLzEwMDc5MjAxLmdpZg==/original/sYOfZw.gif (64 frames, 225x204)
2026/05/04 15:42:08 [DEBUG] cover: warmed window abs=1 ±5 (4 games in view)
2026/05/04 15:42:09 [DEBUG] cover: warmed window abs=2 ±5 (4 games in view)
2026/05/04 15:42:09 [DEBUG] cover: warmed window abs=3 ±5 (4 games in view)
2026/05/04 15:42:19 [INFO]  sort: mode changed to "free" (FREE)
2026/05/04 15:42:19 [DEBUG] sort: view rebuilt — 1205 games visible (mode=FREE), selection gone; landing at nearest position (page=1, cursor=3)
2026/05/04 15:42:20 [DEBUG] image cache: warming https://img.itch.zone/aW1nLzE4MDI4MjE2LnBuZw==/315x250%23c/Hpq47V.png
2026/05/04 15:42:20 [DEBUG] image cache: warming https://img.itch.zone/aW1nLzQ3OTQxNzYuZ2lm/original/rsKsF9.gif
2026/05/04 15:42:20 [DEBUG] image cache: warming https://img.itch.zone/aW1nLzUwMjQyOTcucG5n/315x250%23c/AybqWj.png
2026/05/04 15:42:20 [DEBUG] image cache: warming https://img.itch.zone/aW1nLzc4MzU0MDguZ2lm/original/dFHzIu.gif
2026/05/04 15:42:20 [DEBUG] image cache: warming https://img.itch.zone/aW1nLzE2MzgxNjcxLnBuZw==/315x250%23c/ezmhtw.png
2026/05/04 15:42:20 [DEBUG] image cache: warming https://img.itch.zone/aW1nLzgyMDA5NzcuZ2lm/original/z%2Fte%2Bp.gif
2026/05/04 15:42:20 [DEBUG] image cache: warming https://img.itch.zone/aW1nLzIzMTUyNzc2LnBuZw==/315x250%23c/asMmb1.png
2026/05/04 15:42:20 [DEBUG] image cache: warming https://img.itch.zone/aW1nLzEwMTQwNDExLnBuZw==/315x250%23c/x6Zexr.png
2026/05/04 15:42:20 [DEBUG] cover: warmed window abs=3 ±5 (1205 games in view)
2026/05/04 15:42:20 [DEBUG] image cache: fetch https://img.itch.zone/aW1nLzUwMjQyOTcucG5n/315x250%23c/AybqWj.png
2026/05/04 15:42:20 [DEBUG] image cache: fetch https://img.itch.zone/aW1nLzE2MzgxNjcxLnBuZw==/315x250%23c/ezmhtw.png
2026/05/04 15:42:20 [DEBUG] image cache: decoded https://img.itch.zone/aW1nLzE2MzgxNjcxLnBuZw==/315x250%23c/ezmhtw.png as png (50610 bytes)
2026/05/04 15:42:20 [DEBUG] image cache: static https://img.itch.zone/aW1nLzE2MzgxNjcxLnBuZw==/315x250%23c/ezmhtw.png
2026/05/04 15:42:20 [DEBUG] image cache: fetch https://img.itch.zone/aW1nLzc4MzU0MDguZ2lm/original/dFHzIu.gif
2026/05/04 15:42:20 [DEBUG] image cache: decoded https://img.itch.zone/aW1nLzUwMjQyOTcucG5n/315x250%23c/AybqWj.png as png (57128 bytes)
2026/05/04 15:42:20 [DEBUG] image cache: static https://img.itch.zone/aW1nLzUwMjQyOTcucG5n/315x250%23c/AybqWj.png
2026/05/04 15:42:20 [DEBUG] image cache: fetch https://img.itch.zone/aW1nLzE4MDI4MjE2LnBuZw==/315x250%23c/Hpq47V.png
2026/05/04 15:42:20 [DEBUG] image cache: uploaded static https://img.itch.zone/aW1nLzE2MzgxNjcxLnBuZw==/315x250%23c/ezmhtw.png (315x250)
2026/05/04 15:42:20 [DEBUG] image cache: uploaded static https://img.itch.zone/aW1nLzUwMjQyOTcucG5n/315x250%23c/AybqWj.png (315x250)
2026/05/04 15:42:20 [DEBUG] image cache: decoded https://img.itch.zone/aW1nLzc4MzU0MDguZ2lm/original/dFHzIu.gif as gif (33344 bytes)
2026/05/04 15:42:20 [DEBUG] image cache: animated GIF https://img.itch.zone/aW1nLzc4MzU0MDguZ2lm/original/dFHzIu.gif (17 frames)
2026/05/04 15:42:20 [DEBUG] image cache: decoded https://img.itch.zone/aW1nLzE4MDI4MjE2LnBuZw==/315x250%23c/Hpq47V.png as png (11266 bytes)
2026/05/04 15:42:20 [DEBUG] image cache: static https://img.itch.zone/aW1nLzE4MDI4MjE2LnBuZw==/315x250%23c/Hpq47V.png
2026/05/04 15:42:20 [DEBUG] image cache: fetch https://img.itch.zone/aW1nLzQ3OTQxNzYuZ2lm/original/rsKsF9.gif
2026/05/04 15:42:20 [DEBUG] image cache: decoded https://img.itch.zone/aW1nLzQ3OTQxNzYuZ2lm/original/rsKsF9.gif as gif (59188 bytes)
2026/05/04 15:42:20 [DEBUG] image cache: uploaded static https://img.itch.zone/aW1nLzE4MDI4MjE2LnBuZw==/315x250%23c/Hpq47V.png (315x250)
2026/05/04 15:42:20 [DEBUG] image cache: animated GIF https://img.itch.zone/aW1nLzQ3OTQxNzYuZ2lm/original/rsKsF9.gif (79 frames)
2026/05/04 15:42:20 [DEBUG] image cache: fetch https://img.itch.zone/aW1nLzgyMDA5NzcuZ2lm/original/z%2Fte%2Bp.gif
2026/05/04 15:42:20 [DEBUG] image cache: uploaded animated https://img.itch.zone/aW1nLzc4MzU0MDguZ2lm/original/dFHzIu.gif (17 frames, 598x536)
2026/05/04 15:42:21 [DEBUG] image cache: decoded https://img.itch.zone/aW1nLzgyMDA5NzcuZ2lm/original/z%2Fte%2Bp.gif as gif (743958 bytes)
2026/05/04 15:42:21 [DEBUG] image cache: fetch https://img.itch.zone/aW1nLzIzMTUyNzc2LnBuZw==/315x250%23c/asMmb1.png
2026/05/04 15:42:21 [DEBUG] image cache: uploaded animated https://img.itch.zone/aW1nLzQ3OTQxNzYuZ2lm/original/rsKsF9.gif (64 frames, 601x537)
2026/05/04 15:42:21 [DEBUG] image cache: decoded https://img.itch.zone/aW1nLzIzMTUyNzc2LnBuZw==/315x250%23c/asMmb1.png as png (24857 bytes)
2026/05/04 15:42:21 [DEBUG] image cache: static https://img.itch.zone/aW1nLzIzMTUyNzc2LnBuZw==/315x250%23c/asMmb1.png
2026/05/04 15:42:21 [DEBUG] image cache: fetch https://img.itch.zone/aW1nLzEwMTQwNDExLnBuZw==/315x250%23c/x6Zexr.png
2026/05/04 15:42:21 [DEBUG] image cache: uploaded static https://img.itch.zone/aW1nLzIzMTUyNzc2LnBuZw==/315x250%23c/asMmb1.png (315x250)
2026/05/04 15:42:21 [DEBUG] image cache: decoded https://img.itch.zone/aW1nLzEwMTQwNDExLnBuZw==/315x250%23c/x6Zexr.png as png (76751 bytes)
2026/05/04 15:42:21 [DEBUG] image cache: static https://img.itch.zone/aW1nLzEwMTQwNDExLnBuZw==/315x250%23c/x6Zexr.png
2026/05/04 15:42:21 [DEBUG] image cache: uploaded static https://img.itch.zone/aW1nLzEwMTQwNDExLnBuZw==/315x250%23c/x6Zexr.png (315x250)
2026/05/04 15:42:22 [DEBUG] image cache: warming https://img.itch.zone/aW1nLzQ5NzczOTMuZ2lm/original/PH7FmB.gif
2026/05/04 15:42:22 [DEBUG] cover: warmed window abs=4 ±5 (1205 games in view)
2026/05/04 15:42:22 [DEBUG] image cache: fetch https://img.itch.zone/aW1nLzQ5NzczOTMuZ2lm/original/PH7FmB.gif
2026/05/04 15:42:22 [DEBUG] image cache: decoded https://img.itch.zone/aW1nLzQ5NzczOTMuZ2lm/original/PH7FmB.gif as gif (21770 bytes)
2026/05/04 15:42:22 [DEBUG] image cache: animated GIF https://img.itch.zone/aW1nLzQ5NzczOTMuZ2lm/original/PH7FmB.gif (2 frames)
2026/05/04 15:42:22 [DEBUG] image cache: uploaded animated https://img.itch.zone/aW1nLzQ5NzczOTMuZ2lm/original/PH7FmB.gif (2 frames, 630x500)
2026/05/04 15:42:22 [DEBUG] image cache: animated GIF https://img.itch.zone/aW1nLzgyMDA5NzcuZ2lm/original/z%2Fte%2Bp.gif (214 frames)
2026/05/04 15:42:44 [DEBUG] image cache: warming https://img.itch.zone/aW1nLzEyMzcyMjQzLnBuZw==/315x250%23c/Baq%2B0m.png
2026/05/04 15:42:44 [DEBUG] cover: warmed window abs=5 ±5 (1205 games in view)
2026/05/04 15:42:44 [DEBUG] image cache: fetch https://img.itch.zone/aW1nLzEyMzcyMjQzLnBuZw==/315x250%23c/Baq%2B0m.png
2026/05/04 15:42:44 [DEBUG] image cache: decoded https://img.itch.zone/aW1nLzEyMzcyMjQzLnBuZw==/315x250%23c/Baq%2B0m.png as png (27213 bytes)
2026/05/04 15:42:44 [DEBUG] image cache: static https://img.itch.zone/aW1nLzEyMzcyMjQzLnBuZw==/315x250%23c/Baq%2B0m.png
2026/05/04 15:42:44 [DEBUG] image cache: uploaded static https://img.itch.zone/aW1nLzEyMzcyMjQzLnBuZw==/315x250%23c/Baq%2B0m.png (315x250)
2026/05/04 15:42:44 [DEBUG] image cache: warming https://img.itch.zone/aW1nLzUwMjQ0MTAucG5n/315x250%23c/nS40o2.png
2026/05/04 15:42:44 [DEBUG] cover: warmed window abs=6 ±5 (1205 games in view)
2026/05/04 15:42:44 [DEBUG] image cache: fetch https://img.itch.zone/aW1nLzUwMjQ0MTAucG5n/315x250%23c/nS40o2.png
2026/05/04 15:42:44 [DEBUG] image cache: decoded https://img.itch.zone/aW1nLzUwMjQ0MTAucG5n/315x250%23c/nS40o2.png as png (59091 bytes)
2026/05/04 15:42:44 [DEBUG] image cache: static https://img.itch.zone/aW1nLzUwMjQ0MTAucG5n/315x250%23c/nS40o2.png
2026/05/04 15:42:44 [DEBUG] image cache: uploaded static https://img.itch.zone/aW1nLzUwMjQ0MTAucG5n/315x250%23c/nS40o2.png (315x250)
2026/05/04 15:42:48 [DEBUG] image cache: warming https://img.itch.zone/aW1nLzgyMDA5NzcuZ2lm/original/z%2Fte%2Bp.gif
2026/05/04 15:42:48 [DEBUG] image cache: warming https://img.itch.zone/aW1nLzQyMDEwMDQucG5n/315x250%23c/Hz8pfK.png
2026/05/04 15:42:48 [DEBUG] cover: warmed window abs=7 ±5 (1205 games in view)
2026/05/04 15:42:48 [DEBUG] image cache: fetch https://img.itch.zone/aW1nLzgyMDA5NzcuZ2lm/original/z%2Fte%2Bp.gif
2026/05/04 15:42:48 [DEBUG] image cache: fetch https://img.itch.zone/aW1nLzQyMDEwMDQucG5n/315x250%23c/Hz8pfK.png
2026/05/04 15:42:48 [DEBUG] image cache: uploaded animated https://img.itch.zone/aW1nLzgyMDA5NzcuZ2lm/original/z%2Fte%2Bp.gif (64 frames, 640x573)
2026/05/04 15:42:49 [DEBUG] image cache: decoded https://img.itch.zone/aW1nLzQyMDEwMDQucG5n/315x250%23c/Hz8pfK.png as png (20098 bytes)
2026/05/04 15:42:49 [DEBUG] image cache: static https://img.itch.zone/aW1nLzQyMDEwMDQucG5n/315x250%23c/Hz8pfK.png
2026/05/04 15:42:49 [DEBUG] image cache: uploaded static https://img.itch.zone/aW1nLzQyMDEwMDQucG5n/315x250%23c/Hz8pfK.png (315x250)
2026/05/04 15:42:49 [DEBUG] image cache: warming https://img.itch.zone/aW1nLzI0Nzk1NDQzLmdpZg==/original/wwAW%2FJ.gif
2026/05/04 15:42:49 [DEBUG] cover: warmed window abs=8 ±5 (1205 games in view)
2026/05/04 15:42:49 [DEBUG] image cache: fetch https://img.itch.zone/aW1nLzI0Nzk1NDQzLmdpZg==/original/wwAW%2FJ.gif
2026/05/04 15:42:49 [DEBUG] image cache: decoded https://img.itch.zone/aW1nLzgyMDA5NzcuZ2lm/original/z%2Fte%2Bp.gif as gif (743958 bytes)
2026/05/04 15:42:49 [DEBUG] image cache: warming https://img.itch.zone/aW1nLzE4MTI1MzU3LnBuZw==/315x250%23c/lVq3BJ.png
2026/05/04 15:42:49 [DEBUG] cover: warmed window abs=9 ±5 (1205 games in view)
2026/05/04 15:42:49 [DEBUG] image cache: decoded https://img.itch.zone/aW1nLzI0Nzk1NDQzLmdpZg==/original/wwAW%2FJ.gif as gif (168327 bytes)
2026/05/04 15:42:49 [DEBUG] image cache: warming https://img.itch.zone/aW1nLzI3MTE3MTguZ2lm/original/XnHB6a.gif
2026/05/04 15:42:49 [DEBUG] cover: warmed window abs=10 ±5 (1205 games in view)
2026/05/04 15:42:49 [DEBUG] image cache: animated GIF https://img.itch.zone/aW1nLzI0Nzk1NDQzLmdpZg==/original/wwAW%2FJ.gif (6 frames)
2026/05/04 15:42:51 [DEBUG] cache: serving page 2 from view (1205 games)
2026/05/04 15:42:51 [DEBUG] image cache: animated GIF https://img.itch.zone/aW1nLzgyMDA5NzcuZ2lm/original/z%2Fte%2Bp.gif (214 frames)
2026/05/04 15:42:51 [DEBUG] image cache: fetch https://img.itch.zone/aW1nLzE4MTI1MzU3LnBuZw==/315x250%23c/lVq3BJ.png
2026/05/04 15:42:51 [DEBUG] image cache: warming https://img.itch.zone/aW1nLzY5OTU5OTMuZ2lm/original/YTAe2X.gif
2026/05/04 15:42:51 [DEBUG] image cache: warming https://img.itch.zone/aW1nLzIwNTcyNjcucG5n/315x250%23c/b7TDcP.png
2026/05/04 15:42:51 [DEBUG] image cache: warming https://img.itch.zone/aW1nLzE2MjYxMzA5LmpwZw==/315x250%23c/%2Fbc9qL.jpg
2026/05/04 15:42:51 [DEBUG] image cache: warming https://img.itch.zone/aW1nLzE3NjQwMDE3LnBuZw==/315x250%23c/E7RaUF.png
2026/05/04 15:42:51 [DEBUG] image cache: warming https://img.itch.zone/aW1nLzEyNDg3MjYwLnBuZw==/315x250%23c/xNVJA1.png
2026/05/04 15:42:51 [DEBUG] image cache: warming https://img.itch.zone/aW1nLzkzNzMwMjIucG5n/315x250%23c/rSYiHy.png
2026/05/04 15:42:51 [DEBUG] image cache: warming https://img.itch.zone/aW1nLzkwNDg1MjEucG5n/315x250%23c/Vt46oW.png
2026/05/04 15:42:51 [DEBUG] image cache: warming https://img.itch.zone/aW1nLzgxMTk4NDQucG5n/315x250%23c/o%2Fd7Ha.png
2026/05/04 15:42:51 [DEBUG] image cache: warming https://img.itch.zone/aW1nLzg1NDg4OTYucG5n/315x250%23c/j5vdMa.png
2026/05/04 15:42:51 [DEBUG] image cache: warming https://img.itch.zone/aW1nLzE3ODkxMzE2LnBuZw==/315x250%23c/MidPb5.png
2026/05/04 15:42:51 [DEBUG] image cache: warming https://img.itch.zone/aW1nLzIyMDUzMDYxLnBuZw==/315x250%23c/gIMEEA.png
2026/05/04 15:42:51 [DEBUG] cover: warmed window abs=41 ±5 (1205 games in view)
2026/05/04 15:42:51 [DEBUG] image cache: uploaded animated https://img.itch.zone/aW1nLzI0Nzk1NDQzLmdpZg==/original/wwAW%2FJ.gif (6 frames, 640x509)
2026/05/04 15:42:52 [DEBUG] image cache: decoded https://img.itch.zone/aW1nLzE4MTI1MzU3LnBuZw==/315x250%23c/lVq3BJ.png as png (41914 bytes)
2026/05/04 15:42:52 [DEBUG] image cache: static https://img.itch.zone/aW1nLzE4MTI1MzU3LnBuZw==/315x250%23c/lVq3BJ.png
2026/05/04 15:42:52 [DEBUG] image cache: fetch https://img.itch.zone/aW1nLzI3MTE3MTguZ2lm/original/XnHB6a.gif
2026/05/04 15:42:52 [DEBUG] image cache: uploaded static https://img.itch.zone/aW1nLzE4MTI1MzU3LnBuZw==/315x250%23c/lVq3BJ.png (315x250)
2026/05/04 15:42:52 [DEBUG] image cache: decoded https://img.itch.zone/aW1nLzI3MTE3MTguZ2lm/original/XnHB6a.gif as gif (108719 bytes)
2026/05/04 15:42:52 [DEBUG] image cache: animated GIF https://img.itch.zone/aW1nLzI3MTE3MTguZ2lm/original/XnHB6a.gif (9 frames)
2026/05/04 15:42:52 [DEBUG] image cache: fetch https://img.itch.zone/aW1nLzY5OTU5OTMuZ2lm/original/YTAe2X.gif
2026/05/04 15:42:52 [DEBUG] image cache: uploaded animated https://img.itch.zone/aW1nLzI3MTE3MTguZ2lm/original/XnHB6a.gif (9 frames, 630x500)
2026/05/04 15:42:52 [DEBUG] image cache: decoded https://img.itch.zone/aW1nLzY5OTU5OTMuZ2lm/original/YTAe2X.gif as gif (126556 bytes)
2026/05/04 15:42:52 [DEBUG] image cache: animated GIF https://img.itch.zone/aW1nLzY5OTU5OTMuZ2lm/original/YTAe2X.gif (5 frames)
2026/05/04 15:42:52 [DEBUG] image cache: fetch https://img.itch.zone/aW1nLzE2MjYxMzA5LmpwZw==/315x250%23c/%2Fbc9qL.jpg
2026/05/04 15:42:52 [DEBUG] image cache: uploaded animated https://img.itch.zone/aW1nLzY5OTU5OTMuZ2lm/original/YTAe2X.gif (5 frames, 630x500)
2026/05/04 15:42:52 [DEBUG] image cache: decoded https://img.itch.zone/aW1nLzE2MjYxMzA5LmpwZw==/315x250%23c/%2Fbc9qL.jpg as png (33954 bytes)
2026/05/04 15:42:52 [DEBUG] image cache: static https://img.itch.zone/aW1nLzE2MjYxMzA5LmpwZw==/315x250%23c/%2Fbc9qL.jpg
2026/05/04 15:42:52 [DEBUG] image cache: fetch https://img.itch.zone/aW1nLzIwNTcyNjcucG5n/315x250%23c/b7TDcP.png
2026/05/04 15:42:52 [DEBUG] image cache: uploaded static https://img.itch.zone/aW1nLzE2MjYxMzA5LmpwZw==/315x250%23c/%2Fbc9qL.jpg (315x250)
2026/05/04 15:42:52 [DEBUG] image cache: decoded https://img.itch.zone/aW1nLzIwNTcyNjcucG5n/315x250%23c/b7TDcP.png as png (9745 bytes)
2026/05/04 15:42:52 [DEBUG] image cache: static https://img.itch.zone/aW1nLzIwNTcyNjcucG5n/315x250%23c/b7TDcP.png
2026/05/04 15:42:52 [DEBUG] image cache: fetch https://img.itch.zone/aW1nLzE3NjQwMDE3LnBuZw==/315x250%23c/E7RaUF.png
2026/05/04 15:42:52 [DEBUG] image cache: uploaded static https://img.itch.zone/aW1nLzIwNTcyNjcucG5n/315x250%23c/b7TDcP.png (315x250)
2026/05/04 15:42:52 [DEBUG] image cache: decoded https://img.itch.zone/aW1nLzE3NjQwMDE3LnBuZw==/315x250%23c/E7RaUF.png as png (37026 bytes)
2026/05/04 15:42:52 [DEBUG] image cache: static https://img.itch.zone/aW1nLzE3NjQwMDE3LnBuZw==/315x250%23c/E7RaUF.png
2026/05/04 15:42:52 [DEBUG] image cache: fetch https://img.itch.zone/aW1nLzEyNDg3MjYwLnBuZw==/315x250%23c/xNVJA1.png
2026/05/04 15:42:52 [DEBUG] image cache: uploaded static https://img.itch.zone/aW1nLzE3NjQwMDE3LnBuZw==/315x250%23c/E7RaUF.png (315x250)
2026/05/04 15:42:52 [DEBUG] image cache: decoded https://img.itch.zone/aW1nLzEyNDg3MjYwLnBuZw==/315x250%23c/xNVJA1.png as png (38475 bytes)
2026/05/04 15:42:52 [DEBUG] image cache: static https://img.itch.zone/aW1nLzEyNDg3MjYwLnBuZw==/315x250%23c/xNVJA1.png
2026/05/04 15:42:52 [DEBUG] image cache: fetch https://img.itch.zone/aW1nLzkzNzMwMjIucG5n/315x250%23c/rSYiHy.png
2026/05/04 15:42:53 [DEBUG] image cache: uploaded static https://img.itch.zone/aW1nLzEyNDg3MjYwLnBuZw==/315x250%23c/xNVJA1.png (315x250)
2026/05/04 15:42:53 [DEBUG] image cache: decoded https://img.itch.zone/aW1nLzkzNzMwMjIucG5n/315x250%23c/rSYiHy.png as png (51967 bytes)
2026/05/04 15:42:53 [DEBUG] image cache: static https://img.itch.zone/aW1nLzkzNzMwMjIucG5n/315x250%23c/rSYiHy.png
2026/05/04 15:42:53 [DEBUG] image cache: fetch https://img.itch.zone/aW1nLzkwNDg1MjEucG5n/315x250%23c/Vt46oW.png
2026/05/04 15:42:53 [DEBUG] image cache: uploaded static https://img.itch.zone/aW1nLzkzNzMwMjIucG5n/315x250%23c/rSYiHy.png (315x250)
2026/05/04 15:42:53 [DEBUG] image cache: decoded https://img.itch.zone/aW1nLzkwNDg1MjEucG5n/315x250%23c/Vt46oW.png as png (21761 bytes)
2026/05/04 15:42:53 [DEBUG] image cache: static https://img.itch.zone/aW1nLzkwNDg1MjEucG5n/315x250%23c/Vt46oW.png
2026/05/04 15:42:53 [DEBUG] image cache: fetch https://img.itch.zone/aW1nLzg1NDg4OTYucG5n/315x250%23c/j5vdMa.png
2026/05/04 15:42:53 [DEBUG] image cache: uploaded static https://img.itch.zone/aW1nLzkwNDg1MjEucG5n/315x250%23c/Vt46oW.png (315x250)
2026/05/04 15:42:53 [DEBUG] image cache: decoded https://img.itch.zone/aW1nLzg1NDg4OTYucG5n/315x250%23c/j5vdMa.png as png (35339 bytes)
2026/05/04 15:42:53 [DEBUG] image cache: static https://img.itch.zone/aW1nLzg1NDg4OTYucG5n/315x250%23c/j5vdMa.png
2026/05/04 15:42:53 [DEBUG] image cache: fetch https://img.itch.zone/aW1nLzE3ODkxMzE2LnBuZw==/315x250%23c/MidPb5.png
2026/05/04 15:42:53 [DEBUG] image cache: uploaded static https://img.itch.zone/aW1nLzg1NDg4OTYucG5n/315x250%23c/j5vdMa.png (315x250)
2026/05/04 15:42:53 [DEBUG] image cache: decoded https://img.itch.zone/aW1nLzE3ODkxMzE2LnBuZw==/315x250%23c/MidPb5.png as png (26838 bytes)
2026/05/04 15:42:53 [DEBUG] image cache: static https://img.itch.zone/aW1nLzE3ODkxMzE2LnBuZw==/315x250%23c/MidPb5.png
2026/05/04 15:42:53 [DEBUG] image cache: fetch https://img.itch.zone/aW1nLzgxMTk4NDQucG5n/315x250%23c/o%2Fd7Ha.png
2026/05/04 15:42:53 [DEBUG] image cache: uploaded static https://img.itch.zone/aW1nLzE3ODkxMzE2LnBuZw==/315x250%23c/MidPb5.png (315x250)
2026/05/04 15:42:53 [DEBUG] image cache: decoded https://img.itch.zone/aW1nLzgxMTk4NDQucG5n/315x250%23c/o%2Fd7Ha.png as png (10240 bytes)
2026/05/04 15:42:53 [DEBUG] image cache: static https://img.itch.zone/aW1nLzgxMTk4NDQucG5n/315x250%23c/o%2Fd7Ha.png
2026/05/04 15:42:53 [DEBUG] image cache: fetch https://img.itch.zone/aW1nLzIyMDUzMDYxLnBuZw==/315x250%23c/gIMEEA.png
2026/05/04 15:42:53 [DEBUG] image cache: uploaded static https://img.itch.zone/aW1nLzgxMTk4NDQucG5n/315x250%23c/o%2Fd7Ha.png (315x250)
2026/05/04 15:42:53 [DEBUG] image cache: decoded https://img.itch.zone/aW1nLzIyMDUzMDYxLnBuZw==/315x250%23c/gIMEEA.png as png (9732 bytes)
2026/05/04 15:42:53 [DEBUG] image cache: static https://img.itch.zone/aW1nLzIyMDUzMDYxLnBuZw==/315x250%23c/gIMEEA.png
2026/05/04 15:42:53 [DEBUG] image cache: uploaded static https://img.itch.zone/aW1nLzIyMDUzMDYxLnBuZw==/315x250%23c/gIMEEA.png (315x250)
fatal error: runtime: out of memory

runtime stack:
runtime.throw({0x8489d9?, 0x430e28?})
	/usr/local/go/src/runtime/panic.go:1023 +0x40 fp=0x7f464de5f0 sp=0x7f464de5c0 pc=0x4516d0
runtime.sysMapOS(0x4031000000, 0x1800000)
	/usr/local/go/src/runtime/mem_linux.go:167 +0x104 fp=0x7f464de630 sp=0x7f464de5f0 pc=0x431374
runtime.sysMap(0x4031000000, 0x1800000, 0x447430?)
	/usr/local/go/src/runtime/mem.go:155 +0x34 fp=0x7f464de650 sp=0x7f464de630 pc=0x430e34
runtime.(*mheap).grow(0xbb0ea0, 0xa14?)
	/usr/local/go/src/runtime/mheap.go:1534 +0x278 fp=0x7f464de6d0 sp=0x7f464de650 pc=0x444558
runtime.(*mheap).allocSpan(0xbb0ea0, 0xa14, 0x0, 0x1)
	/usr/local/go/src/runtime/mheap.go:1246 +0x164 fp=0x7f464de770 sp=0x7f464de6d0 pc=0x443af4
runtime.(*mheap).alloc.func1()
	/usr/local/go/src/runtime/mheap.go:964 +0x6c fp=0x7f464de7c0 sp=0x7f464de770 pc=0x4435ec
runtime.systemstack(0x0)
	/usr/local/go/src/runtime/asm_arm64.s:243 +0x6c fp=0x7f464de7d0 sp=0x7f464de7c0 pc=0x48567c

goroutine 110 gp=0x4000902540 m=7 mp=0x4000080808 [running]:
runtime.systemstack_switch()
	/usr/local/go/src/runtime/asm_arm64.s:200 +0x8 fp=0x40001ef660 sp=0x40001ef650 pc=0x4855f8
runtime.(*mheap).alloc(0x1428000?, 0xa14?, 0xf8?)
	/usr/local/go/src/runtime/mheap.go:958 +0x54 fp=0x40001ef6b0 sp=0x40001ef660 pc=0x443544
runtime.(*mcache).allocLarge(0x40001ef738?, 0x1428000, 0x1)
	/usr/local/go/src/runtime/mcache.go:234 +0x74 fp=0x40001ef700 sp=0x40001ef6b0 pc=0x42fc44
runtime.mallocgc(0x1428000, 0x7b67e0, 0x1)
	/usr/local/go/src/runtime/malloc.go:1165 +0x534 fp=0x40001ef790 sp=0x40001ef700 pc=0x426f04
runtime.makeslice(0x3ffc000000000015?, 0x7f32f46a20?, 0xa0?)
	/usr/local/go/src/runtime/slice.go:107 +0x50 fp=0x40001ef7c0 sp=0x40001ef790 pc=0x46be10
golang.org/x/image/draw.(*kernelScaler).makeTmpBuf(...)
	/go/pkg/mod/golang.org/x/image@v0.18.0/draw/scale.go:205
golang.org/x/image/draw.(*kernelScaler).Scale(0x400225e1e0, {0x8ec3f8, 0x40001a43c0}, {{0x480?, 0x408?}, {0x7f4500?, 0x1?}}, {0x8eb4b0, 0x40001a4100}, {{0x7521d4?, ...}, ...}, ...)
	/go/pkg/mod/golang.org/x/image@v0.18.0/draw/impl.go:5582 +0x370 fp=0x40001ef940 sp=0x40001ef7c0 pc=0x740450
golang.org/x/image/draw.(*Kernel).Scale(0x7c6380?, {0x8ec3f8, 0x40001a43c0}, {{0x2a?, 0x466?}, {0x2ce?, 0x8eb4e0?}}, {0x8eb4b0, 0x40001a4100}, {{0x2a?, ...}, ...}, ...)
	/go/pkg/mod/golang.org/x/image@v0.18.0/draw/scale.go:126 +0xc4 fp=0x40001efa10 sp=0x40001ef940 pc=0x7447d4
github.com/carroarmato0/nextui-itchio-pak/internal/renderer.renderGIFFrames(0x400029c200)
	/workspace/internal/renderer/gif_anim.go:129 +0x634 fp=0x40001efc50 sp=0x40001efa10 pc=0x752284
github.com/carroarmato0/nextui-itchio-pak/internal/renderer.(*ImageCache).fetchRaw(0x4000102190, {0x4000298500, 0x42})
	/workspace/internal/renderer/image_cache.go:328 +0x56c fp=0x40001efe50 sp=0x40001efc50 pc=0x754d6c
github.com/carroarmato0/nextui-itchio-pak/internal/renderer.(*ImageCache).fetchInBackground(0x4000102190, {0x4000298500, 0x42})
	/workspace/internal/renderer/image_cache.go:269 +0x78 fp=0x40001effa0 sp=0x40001efe50 pc=0x754348
github.com/carroarmato0/nextui-itchio-pak/internal/renderer.(*ImageCache).Warm.gowrap1()
	/workspace/internal/renderer/image_cache.go:182 +0x30 fp=0x40001effd0 sp=0x40001effa0 pc=0x7536b0
runtime.goexit({})
	/usr/local/go/src/runtime/asm_arm64.s:1222 +0x4 fp=0x40001effd0 sp=0x40001effd0 pc=0x487b24
created by github.com/carroarmato0/nextui-itchio-pak/internal/renderer.(*ImageCache).Warm in goroutine 1
	/workspace/internal/renderer/image_cache.go:182 +0x254

goroutine 1 gp=0x4000002380 m=nil [runnable, locked to thread]:
runtime.cgocall(0x779470, 0x40001f1278)
	/usr/local/go/src/runtime/cgocall.go:157 +0x44 fp=0x40001f1240 sp=0x40001f1200 pc=0x41de34
github.com/veandco/go-sdl2/sdl._cgo_cmalloc(0x97)
	_cgo_gotypes.go:10216 +0x34 fp=0x40001f1270 sp=0x40001f1240 pc=0x746754
github.com/veandco/go-sdl2/sdl._Cfunc_CString({0x40021540a0, 0x96})
	_cgo_gotypes.go:2139 +0x3c fp=0x40001f12d0 sp=0x40001f1270 pc=0x7452fc
github.com/veandco/go-sdl2/sdl.SetError({0x8e8300?, 0x4002146710?})
	/go/pkg/mod/github.com/veandco/go-sdl2@v0.4.40/sdl/error.go:53 +0x34 fp=0x40001f12f0 sp=0x40001f12d0 pc=0x746874
github.com/veandco/go-sdl2/sdl.(*Texture).Destroy(0x5582a80)
	/go/pkg/mod/github.com/veandco/go-sdl2@v0.4.40/sdl/render.go:1087 +0x58 fp=0x40001f1320 sp=0x40001f12f0 pc=0x748258
github.com/carroarmato0/nextui-itchio-pak/internal/renderer.(*Renderer).DrawSmallText(0x40001a0070, {0x40007de240?, 0x13?}, 0x234, 0x1e8, 0xdc, 0xdc, 0xdc)
	/workspace/internal/renderer/renderer.go:356 +0xcc fp=0x40001f13a0 sp=0x40001f1320 pc=0x75785c
github.com/carroarmato0/nextui-itchio-pak/internal/renderer.(*Renderer).DrawSmallTextCenteredInRect(0x40001a0070, {0x40007de240, 0xa}, 0x22c, 0x1e6, 0x8a, 0x27, 0xdc, 0xdc, 0xdc)
	/workspace/internal/renderer/renderer.go:274 +0x98 fp=0x40001f13e0 sp=0x40001f13a0 pc=0x757258
github.com/carroarmato0/nextui-itchio-pak/internal/renderer.(*Renderer).DrawTagPills(0x40001a0070, {0x4002146700, 0x1, 0x1af0000022c?}, 0x22c, 0x1e6, 0x1ca, 0x37, 0xdc, 0xdc, ...)
	/workspace/internal/renderer/renderer.go:493 +0xe0 fp=0x40001f1460 sp=0x40001f13e0 pc=0x758330
github.com/carroarmato0/nextui-itchio-pak/internal/ui.(*ListScreen).Draw(0x40000f8000, 0x40001a0070)
	/workspace/internal/ui/screen_list.go:714 +0x231c fp=0x40001f1950 sp=0x40001f1460 pc=0x768cbc
main.runSDL()
	/workspace/cmd/itchio-pak/main_sdl.go:274 +0xebc fp=0x40001f1e90 sp=0x40001f1950 pc=0x77858c
main.main()
	/workspace/cmd/itchio-pak/main.go:56 +0x254 fp=0x40001f1f40 sp=0x40001f1e90 pc=0x777414
runtime.main()
	/usr/local/go/src/runtime/proc.go:271 +0x28c fp=0x40001f1fd0 sp=0x40001f1f40 pc=0x45414c
runtime.goexit({})
	/usr/local/go/src/runtime/asm_arm64.s:1222 +0x4 fp=0x40001f1fd0 sp=0x40001f1fd0 pc=0x487b24

goroutine 2 gp=0x4000002e00 m=nil [force gc (idle), 1 minutes]:
runtime.gopark(0x0?, 0x0?, 0x0?, 0x0?, 0x0?)
	/usr/local/go/src/runtime/proc.go:402 +0xc8 fp=0x400004cf90 sp=0x400004cf70 pc=0x454578
runtime.goparkunlock(...)
	/usr/local/go/src/runtime/proc.go:408
runtime.forcegchelper()
	/usr/local/go/src/runtime/proc.go:326 +0xb8 fp=0x400004cfd0 sp=0x400004cf90 pc=0x454408
runtime.goexit({})
	/usr/local/go/src/runtime/asm_arm64.s:1222 +0x4 fp=0x400004cfd0 sp=0x400004cfd0 pc=0x487b24
created by runtime.init.6 in goroutine 1
	/usr/local/go/src/runtime/proc.go:314 +0x24

goroutine 3 gp=0x4000003340 m=nil [GC sweep wait]:
runtime.gopark(0x1?, 0x0?, 0x0?, 0x0?, 0x0?)
	/usr/local/go/src/runtime/proc.go:402 +0xc8 fp=0x400004d760 sp=0x400004d740 pc=0x454578
runtime.goparkunlock(...)
	/usr/local/go/src/runtime/proc.go:408
runtime.bgsweep(0x4000074000)
	/usr/local/go/src/runtime/mgcsweep.go:318 +0x108 fp=0x400004d7b0 sp=0x400004d760 pc=0x43fbe8
runtime.gcenable.gowrap1()
	/usr/local/go/src/runtime/mgc.go:203 +0x28 fp=0x400004d7d0 sp=0x400004d7b0 pc=0x434008
runtime.goexit({})
	/usr/local/go/src/runtime/asm_arm64.s:1222 +0x4 fp=0x400004d7d0 sp=0x400004d7d0 pc=0x487b24
created by runtime.gcenable in goroutine 1
	/usr/local/go/src/runtime/mgc.go:203 +0x6c

goroutine 4 gp=0x4000003500 m=nil [GC scavenge wait]:
runtime.gopark(0x10000?, 0x1b160b?, 0x0?, 0x0?, 0x0?)
	/usr/local/go/src/runtime/proc.go:402 +0xc8 fp=0x400004df60 sp=0x400004df40 pc=0x454578
runtime.goparkunlock(...)
	/usr/local/go/src/runtime/proc.go:408
runtime.(*scavengerState).park(0xba1c80)
	/usr/local/go/src/runtime/mgcscavenge.go:425 +0x5c fp=0x400004df90 sp=0x400004df60 pc=0x43d57c
runtime.bgscavenge(0x4000074000)
	/usr/local/go/src/runtime/mgcscavenge.go:658 +0xac fp=0x400004dfb0 sp=0x400004df90 pc=0x43db2c
runtime.gcenable.gowrap2()
	/usr/local/go/src/runtime/mgc.go:204 +0x28 fp=0x400004dfd0 sp=0x400004dfb0 pc=0x433fa8
runtime.goexit({})
	/usr/local/go/src/runtime/asm_arm64.s:1222 +0x4 fp=0x400004dfd0 sp=0x400004dfd0 pc=0x487b24
created by runtime.gcenable in goroutine 1
	/usr/local/go/src/runtime/mgc.go:204 +0xac

goroutine 5 gp=0x400011c000 m=nil [finalizer wait]:
runtime.gopark(0x0?, 0x40009c4b88?, 0x70?, 0x0?, 0x1000000010?)
	/usr/local/go/src/runtime/proc.go:402 +0xc8 fp=0x400004c580 sp=0x400004c560 pc=0x454578
runtime.runfinq()
	/usr/local/go/src/runtime/mfinal.go:194 +0x108 fp=0x400004c7d0 sp=0x400004c580 pc=0x4330d8
runtime.goexit({})
	/usr/local/go/src/runtime/asm_arm64.s:1222 +0x4 fp=0x400004c7d0 sp=0x400004c7d0 pc=0x487b24
created by runtime.createfing in goroutine 1
	/usr/local/go/src/runtime/mfinal.go:164 +0x80

goroutine 6 gp=0x400011c1c0 m=nil [GC worker (idle)]:
runtime.gopark(0x29f0fce88f71?, 0x1?, 0x7e?, 0x37?, 0x0?)
	/usr/local/go/src/runtime/proc.go:402 +0xc8 fp=0x400004e730 sp=0x400004e710 pc=0x454578
runtime.gcBgMarkWorker()
	/usr/local/go/src/runtime/mgc.go:1310 +0xd8 fp=0x400004e7d0 sp=0x400004e730 pc=0x435e98
runtime.goexit({})
	/usr/local/go/src/runtime/asm_arm64.s:1222 +0x4 fp=0x400004e7d0 sp=0x400004e7d0 pc=0x487b24
created by runtime.gcBgMarkStartWorkers in goroutine 1
	/usr/local/go/src/runtime/mgc.go:1234 +0x28

goroutine 18 gp=0x400029e000 m=nil [GC worker (idle)]:
runtime.gopark(0x29f2cffb9856?, 0x1?, 0x8e?, 0x72?, 0x0?)
	/usr/local/go/src/runtime/proc.go:402 +0xc8 fp=0x4000048730 sp=0x4000048710 pc=0x454578
runtime.gcBgMarkWorker()
	/usr/local/go/src/runtime/mgc.go:1310 +0xd8 fp=0x40000487d0 sp=0x4000048730 pc=0x435e98
runtime.goexit({})
	/usr/local/go/src/runtime/asm_arm64.s:1222 +0x4 fp=0x40000487d0 sp=0x40000487d0 pc=0x487b24
created by runtime.gcBgMarkStartWorkers in goroutine 1
	/usr/local/go/src/runtime/mgc.go:1234 +0x28

goroutine 19 gp=0x400029e1c0 m=nil [GC worker (idle)]:
runtime.gopark(0x29efc2806e32?, 0x1?, 0xcb?, 0x52?, 0x0?)
	/usr/local/go/src/runtime/proc.go:402 +0xc8 fp=0x4000048f30 sp=0x4000048f10 pc=0x454578
runtime.gcBgMarkWorker()
	/usr/local/go/src/runtime/mgc.go:1310 +0xd8 fp=0x4000048fd0 sp=0x4000048f30 pc=0x435e98
runtime.goexit({})
	/usr/local/go/src/runtime/asm_arm64.s:1222 +0x4 fp=0x4000048fd0 sp=0x4000048fd0 pc=0x487b24
created by runtime.gcBgMarkStartWorkers in goroutine 1
	/usr/local/go/src/runtime/mgc.go:1234 +0x28

goroutine 7 gp=0x400011c380 m=nil [GC worker (idle)]:
runtime.gopark(0x29f2cfffba92?, 0x0?, 0x0?, 0x0?, 0x0?)
	/usr/local/go/src/runtime/proc.go:402 +0xc8 fp=0x400004ef30 sp=0x400004ef10 pc=0x454578
runtime.gcBgMarkWorker()
	/usr/local/go/src/runtime/mgc.go:1310 +0xd8 fp=0x400004efd0 sp=0x400004ef30 pc=0x435e98
runtime.goexit({})
	/usr/local/go/src/runtime/asm_arm64.s:1222 +0x4 fp=0x400004efd0 sp=0x400004efd0 pc=0x487b24
created by runtime.gcBgMarkStartWorkers in goroutine 1
	/usr/local/go/src/runtime/mgc.go:1234 +0x28

goroutine 8 gp=0x4000082380 m=nil [select, 1 minutes]:
runtime.gopark(0x400028dfa8?, 0x2?, 0x98?, 0xde?, 0x400028df8c?)
	/usr/local/go/src/runtime/proc.go:402 +0xc8 fp=0x400020ee40 sp=0x400020ee20 pc=0x454578
runtime.selectgo(0x400020efa8, 0x400028df88, 0x0?, 0x0, 0x0?, 0x1)
	/usr/local/go/src/runtime/select.go:327 +0x614 fp=0x400020ef50 sp=0x400020ee40 pc=0x467004
github.com/carroarmato0/nextui-itchio-pak/internal/inventory.(*UpdateService).Start.func1()
	/workspace/internal/inventory/updater.go:55 +0xc8 fp=0x400020efd0 sp=0x400020ef50 pc=0x739f28
runtime.goexit({})
	/usr/local/go/src/runtime/asm_arm64.s:1222 +0x4 fp=0x400020efd0 sp=0x400020efd0 pc=0x487b24
created by github.com/carroarmato0/nextui-itchio-pak/internal/inventory.(*UpdateService).Start in goroutine 1
	/workspace/internal/inventory/updater.go:44 +0x70

goroutine 9 gp=0x4000082540 m=8 mp=0x4000106808 [syscall, 1 minutes]:
syscall.Syscall(0x3f, 0x1b, 0x40001a8138, 0x18)
	/usr/local/go/src/syscall/syscall_linux.go:69 +0x20 fp=0x4000199b60 sp=0x4000199b00 pc=0x4a5920
syscall.read(0x40001b86c0?, {0x40001a8138?, 0x1?, 0x40001b4060?})
	/usr/local/go/src/syscall/zsyscall_linux_arm64.go:736 +0x40 fp=0x4000199ba0 sp=0x4000199b60 pc=0x4a3e30
syscall.Read(...)
	/usr/local/go/src/syscall/syscall_unix.go:181
internal/poll.ignoringEINTRIO(...)
	/usr/local/go/src/internal/poll/fd_unix.go:736
internal/poll.(*FD).Read(0x40001b86c0, {0x40001a8138, 0x18, 0x18})
	/usr/local/go/src/internal/poll/fd_unix.go:160 +0x224 fp=0x4000199c40 sp=0x4000199ba0 pc=0x4c08f4
os.(*File).read(...)
	/usr/local/go/src/os/file_posix.go:29
os.(*File).Read(0x40001b4058, {0x40001a8138?, 0x4000199cc8?, 0x50ea50?})
	/usr/local/go/src/os/file.go:118 +0x70 fp=0x4000199c80 sp=0x4000199c40 pc=0x4c5210
io.ReadAtLeast({0x8e8400, 0x40001b4058}, {0x40001a8138, 0x18, 0x18}, 0x18)
	/usr/local/go/src/io/io.go:335 +0xa0 fp=0x4000199cd0 sp=0x4000199c80 pc=0x4926b0
io.ReadFull(...)
	/usr/local/go/src/io/io.go:354
encoding/binary.Read({0x8e8400, 0x40001b4058}, {0x8edf70, 0xc09f40}, {0x7d9a00, 0x40001a8120})
	/usr/local/go/src/encoding/binary/binary.go:331 +0x7f4 fp=0x4000199e70 sp=0x4000199cd0 pc=0x50ea94
github.com/holoplot/go-evdev.(*InputDevice).ReadOne(0x40000200c0)
	/go/pkg/mod/github.com/holoplot/go-evdev@v0.0.0-20250804134636-ab1d56a1fe83/device.go:299 +0x5c fp=0x4000199ec0 sp=0x4000199e70 pc=0x73dd3c
github.com/carroarmato0/nextui-itchio-pak/internal/power.(*Manager).run(0x400027e0a0)
	/workspace/internal/power/power.go:75 +0x138 fp=0x4000199fb0 sp=0x4000199ec0 pc=0x73f998
github.com/carroarmato0/nextui-itchio-pak/internal/power.(*Manager).Start.gowrap1()
	/workspace/internal/power/power.go:59 +0x28 fp=0x4000199fd0 sp=0x4000199fb0 pc=0x73f828
runtime.goexit({})
	/usr/local/go/src/runtime/asm_arm64.s:1222 +0x4 fp=0x4000199fd0 sp=0x4000199fd0 pc=0x487b24
created by github.com/carroarmato0/nextui-itchio-pak/internal/power.(*Manager).Start in goroutine 1
	/workspace/internal/power/power.go:59 +0x5c

goroutine 10 gp=0x400029ea80 m=nil [IO wait, 1 minutes]:
runtime.gopark(0x0?, 0x0?, 0x0?, 0x0?, 0x0?)
	/usr/local/go/src/runtime/proc.go:402 +0xc8 fp=0x4000063660 sp=0x4000063640 pc=0x454578
runtime.netpollblock(0x0?, 0xffffffff?, 0xff?)
	/usr/local/go/src/runtime/netpoll.go:573 +0x158 fp=0x40000636a0 sp=0x4000063660 pc=0x44d5c8
internal/poll.runtime_pollWait(0x7f54288820, 0x72)
	/usr/local/go/src/runtime/netpoll.go:345 +0xa0 fp=0x40000636d0 sp=0x40000636a0 pc=0x482270
internal/poll.(*pollDesc).wait(0x400084c980?, 0x40002f5000?, 0x0)
	/usr/local/go/src/internal/poll/fd_poll_runtime.go:84 +0x28 fp=0x4000063700 sp=0x40000636d0 pc=0x4bfe18
internal/poll.(*pollDesc).waitRead(...)
	/usr/local/go/src/internal/poll/fd_poll_runtime.go:89
internal/poll.(*FD).Read(0x400084c980, {0x40002f5000, 0x1000, 0x1000})
	/usr/local/go/src/internal/poll/fd_unix.go:164 +0x200 fp=0x40000637a0 sp=0x4000063700 pc=0x4c08d0
net.(*netFD).Read(0x400084c980, {0x40002f5000?, 0x7f46570fd8?, 0x40009c4468?})
	/usr/local/go/src/net/fd_posix.go:55 +0x28 fp=0x40000637f0 sp=0x40000637a0 pc=0x5a2aa8
net.(*conn).Read(0x4000050080, {0x40002f5000?, 0x40000638e8?, 0x42742c?})
	/usr/local/go/src/net/net.go:185 +0x34 fp=0x4000063840 sp=0x40000637f0 pc=0x5abfa4
net.(*TCPConn).Read(0x40000638b8?, {0x40002f5000?, 0x0?, 0x0?})
	<autogenerated>:1 +0x2c fp=0x4000063870 sp=0x4000063840 pc=0x5b58bc
github.com/refraction-networking/utls.(*atLeastReader).Read(0x40009c4468, {0x40002f5000?, 0x0?, 0x40009c4468?})
	/go/pkg/mod/github.com/refraction-networking/utls@v1.3.3/conn.go:791 +0x40 fp=0x40000638c0 sp=0x4000063870 pc=0x691750
bytes.(*Buffer).ReadFrom(0x400017b438, {0x8e9040, 0x40009c4468})
	/usr/local/go/src/bytes/buffer.go:211 +0x90 fp=0x4000063920 sp=0x40000638c0 pc=0x499f70
github.com/refraction-networking/utls.(*Conn).readFromUntil(0x400017b188, {0x8e8e60, 0x4000050080}, 0x400086ff80?)
	/go/pkg/mod/github.com/refraction-networking/utls@v1.3.3/conn.go:813 +0xd0 fp=0x4000063960 sp=0x4000063920 pc=0x691930
github.com/refraction-networking/utls.(*Conn).readRecordOrCCS(0x400017b188, 0x0)
	/go/pkg/mod/github.com/refraction-networking/utls@v1.3.3/conn.go:620 +0x224 fp=0x4000063bc0 sp=0x4000063960 pc=0x68f204
github.com/refraction-networking/utls.(*Conn).readRecord(...)
	/go/pkg/mod/github.com/refraction-networking/utls@v1.3.3/conn.go:586
github.com/refraction-networking/utls.(*Conn).Read(0x400017b188, {0x40002f0000, 0x1000, 0x0?})
	/go/pkg/mod/github.com/refraction-networking/utls@v1.3.3/conn.go:1328 +0x168 fp=0x4000063c30 sp=0x4000063bc0 pc=0x6949d8
github.com/refraction-networking/utls.(*UConn).Read(0x4000082380?, {0x40002f0000?, 0x4000063ce8?, 0x41f1d8?})
	<autogenerated>:1 +0x2c fp=0x4000063c60 sp=0x4000063c30 pc=0x6d2abc
net/http.(*persistConn).Read(0x4000000ea0, {0x40002f0000?, 0x41f790?, 0x4000104360?})
	/usr/local/go/src/net/http/transport.go:1977 +0x50 fp=0x4000063cc0 sp=0x4000063c60 pc=0x6520e0
bufio.(*Reader).fill(0x4000100ea0)
	/usr/local/go/src/bufio/bufio.go:110 +0xf8 fp=0x4000063d00 sp=0x4000063cc0 pc=0x52b738
bufio.(*Reader).Peek(0x4000100ea0, 0x1)
	/usr/local/go/src/bufio/bufio.go:148 +0x60 fp=0x4000063d20 sp=0x4000063d00 pc=0x52b8a0
net/http.(*persistConn).readLoop(0x4000000ea0)
	/usr/local/go/src/net/http/transport.go:2141 +0x158 fp=0x4000063fb0 sp=0x4000063d20 pc=0x653068
net/http.(*Transport).dialConn.gowrap2()
	/usr/local/go/src/net/http/transport.go:1799 +0x28 fp=0x4000063fd0 sp=0x4000063fb0 pc=0x651678
runtime.goexit({})
	/usr/local/go/src/runtime/asm_arm64.s:1222 +0x4 fp=0x4000063fd0 sp=0x4000063fd0 pc=0x487b24
created by net/http.(*Transport).dialConn in goroutine 35
	/usr/local/go/src/net/http/transport.go:1799 +0x1018

goroutine 11 gp=0x4000082700 m=nil [select, 1 minutes]:
runtime.gopark(0x4000195f38?, 0x2?, 0xf8?, 0x5d?, 0x4000195ee4?)
	/usr/local/go/src/runtime/proc.go:402 +0xc8 fp=0x4000195d90 sp=0x4000195d70 pc=0x454578
runtime.selectgo(0x4000195f38, 0x4000195ee0, 0x40001a4340?, 0x0, 0x4000262c30?, 0x1)
	/usr/local/go/src/runtime/select.go:327 +0x614 fp=0x4000195ea0 sp=0x4000195d90 pc=0x467004
net/http.(*persistConn).writeLoop(0x4000000ea0)
	/usr/local/go/src/net/http/transport.go:2458 +0xa0 fp=0x4000195fb0 sp=0x4000195ea0 pc=0x654930
net/http.(*Transport).dialConn.gowrap3()
	/usr/local/go/src/net/http/transport.go:1800 +0x28 fp=0x4000195fd0 sp=0x4000195fb0 pc=0x651618
runtime.goexit({})
	/usr/local/go/src/runtime/asm_arm64.s:1222 +0x4 fp=0x4000195fd0 sp=0x4000195fd0 pc=0x487b24
created by net/http.(*Transport).dialConn in goroutine 35
	/usr/local/go/src/net/http/transport.go:1800 +0x1060

goroutine 83 gp=0x40000828c0 m=nil [select, 1 minutes]:
runtime.gopark(0x4000193f38?, 0x2?, 0xf8?, 0x3d?, 0x4000193ee4?)
	/usr/local/go/src/runtime/proc.go:402 +0xc8 fp=0x4000193d90 sp=0x4000193d70 pc=0x454578
runtime.selectgo(0x4000193f38, 0x4000193ee0, 0x400084af80?, 0x0, 0x40000b58c0?, 0x1)
	/usr/local/go/src/runtime/select.go:327 +0x614 fp=0x4000193ea0 sp=0x4000193d90 pc=0x467004
net/http.(*persistConn).writeLoop(0x4000000fc0)
	/usr/local/go/src/net/http/transport.go:2458 +0xa0 fp=0x4000193fb0 sp=0x4000193ea0 pc=0x654930
net/http.(*Transport).dialConn.gowrap3()
	/usr/local/go/src/net/http/transport.go:1800 +0x28 fp=0x4000193fd0 sp=0x4000193fb0 pc=0x651618
runtime.goexit({})
	/usr/local/go/src/runtime/asm_arm64.s:1222 +0x4 fp=0x4000193fd0 sp=0x4000193fd0 pc=0x487b24
created by net/http.(*Transport).dialConn in goroutine 75
	/usr/local/go/src/net/http/transport.go:1800 +0x1060

goroutine 69 gp=0x4000082a80 m=nil [IO wait, 1 minutes]:
runtime.gopark(0x0?, 0x0?, 0x0?, 0x0?, 0x0?)
	/usr/local/go/src/runtime/proc.go:402 +0xc8 fp=0x4000192660 sp=0x4000192640 pc=0x454578
runtime.netpollblock(0x0?, 0xffffffff?, 0xff?)
	/usr/local/go/src/runtime/netpoll.go:573 +0x158 fp=0x40001926a0 sp=0x4000192660 pc=0x44d5c8
internal/poll.runtime_pollWait(0x7f54288728, 0x72)
	/usr/local/go/src/runtime/netpoll.go:345 +0xa0 fp=0x40001926d0 sp=0x40001926a0 pc=0x482270
internal/poll.(*pollDesc).wait(0x400029c580?, 0x4000409000?, 0x0)
	/usr/local/go/src/internal/poll/fd_poll_runtime.go:84 +0x28 fp=0x4000192700 sp=0x40001926d0 pc=0x4bfe18
internal/poll.(*pollDesc).waitRead(...)
	/usr/local/go/src/internal/poll/fd_poll_runtime.go:89
internal/poll.(*FD).Read(0x400029c580, {0x4000409000, 0x1000, 0x1000})
	/usr/local/go/src/internal/poll/fd_unix.go:164 +0x200 fp=0x40001927a0 sp=0x4000192700 pc=0x4c08d0
net.(*netFD).Read(0x400029c580, {0x4000409000?, 0x7f9cd99068?, 0x400000e2a0?})
	/usr/local/go/src/net/fd_posix.go:55 +0x28 fp=0x40001927f0 sp=0x40001927a0 pc=0x5a2aa8
net.(*conn).Read(0x40002920b8, {0x4000409000?, 0x40001928e8?, 0x42742c?})
	/usr/local/go/src/net/net.go:185 +0x34 fp=0x4000192840 sp=0x40001927f0 pc=0x5abfa4
net.(*TCPConn).Read(0x40001928b8?, {0x4000409000?, 0x0?, 0x0?})
	<autogenerated>:1 +0x2c fp=0x4000192870 sp=0x4000192840 pc=0x5b58bc
github.com/refraction-networking/utls.(*atLeastReader).Read(0x400000e2a0, {0x4000409000?, 0x0?, 0x400000e2a0?})
	/go/pkg/mod/github.com/refraction-networking/utls@v1.3.3/conn.go:791 +0x40 fp=0x40001928c0 sp=0x4000192870 pc=0x691750
bytes.(*Buffer).ReadFrom(0x40001a70b8, {0x8e9040, 0x400000e2a0})
	/usr/local/go/src/bytes/buffer.go:211 +0x90 fp=0x4000192920 sp=0x40001928c0 pc=0x499f70
github.com/refraction-networking/utls.(*Conn).readFromUntil(0x40001a6e08, {0x8e8e60, 0x40002920b8}, 0x42f494?)
	/go/pkg/mod/github.com/refraction-networking/utls@v1.3.3/conn.go:813 +0xd0 fp=0x4000192960 sp=0x4000192920 pc=0x691930
github.com/refraction-networking/utls.(*Conn).readRecordOrCCS(0x40001a6e08, 0x0)
	/go/pkg/mod/github.com/refraction-networking/utls@v1.3.3/conn.go:620 +0x224 fp=0x4000192bc0 sp=0x4000192960 pc=0x68f204
github.com/refraction-networking/utls.(*Conn).readRecord(...)
	/go/pkg/mod/github.com/refraction-networking/utls@v1.3.3/conn.go:586
github.com/refraction-networking/utls.(*Conn).Read(0x40001a6e08, {0x40000b8000, 0x1000, 0x0?})
	/go/pkg/mod/github.com/refraction-networking/utls@v1.3.3/conn.go:1328 +0x168 fp=0x4000192c30 sp=0x4000192bc0 pc=0x6949d8
github.com/refraction-networking/utls.(*UConn).Read(0x4000082380?, {0x40000b8000?, 0x4000192ce8?, 0x41f1d8?})
	<autogenerated>:1 +0x2c fp=0x4000192c60 sp=0x4000192c30 pc=0x6d2abc
net/http.(*persistConn).Read(0x40000fc6c0, {0x40000b8000?, 0x41f790?, 0x40007fe180?})
	/usr/local/go/src/net/http/transport.go:1977 +0x50 fp=0x4000192cc0 sp=0x4000192c60 pc=0x6520e0
bufio.(*Reader).fill(0x40002949c0)
	/usr/local/go/src/bufio/bufio.go:110 +0xf8 fp=0x4000192d00 sp=0x4000192cc0 pc=0x52b738
bufio.(*Reader).Peek(0x40002949c0, 0x1)
	/usr/local/go/src/bufio/bufio.go:148 +0x60 fp=0x4000192d20 sp=0x4000192d00 pc=0x52b8a0
net/http.(*persistConn).readLoop(0x40000fc6c0)
	/usr/local/go/src/net/http/transport.go:2141 +0x158 fp=0x4000192fb0 sp=0x4000192d20 pc=0x653068
net/http.(*Transport).dialConn.gowrap2()
	/usr/local/go/src/net/http/transport.go:1799 +0x28 fp=0x4000192fd0 sp=0x4000192fb0 pc=0x651678
runtime.goexit({})
	/usr/local/go/src/runtime/asm_arm64.s:1222 +0x4 fp=0x4000192fd0 sp=0x4000192fd0 pc=0x487b24
created by net/http.(*Transport).dialConn in goroutine 13
	/usr/local/go/src/net/http/transport.go:1799 +0x1018

goroutine 70 gp=0x4000082e00 m=nil [select, 1 minutes]:
runtime.gopark(0x4000197f38?, 0x2?, 0xf8?, 0x7d?, 0x4000197ee4?)
	/usr/local/go/src/runtime/proc.go:402 +0xc8 fp=0x4000197d90 sp=0x4000197d70 pc=0x454578
runtime.selectgo(0x4000197f38, 0x4000197ee0, 0x40000f6d00?, 0x0, 0x40003763c0?, 0x1)
	/usr/local/go/src/runtime/select.go:327 +0x614 fp=0x4000197ea0 sp=0x4000197d90 pc=0x467004
net/http.(*persistConn).writeLoop(0x40000fc6c0)
	/usr/local/go/src/net/http/transport.go:2458 +0xa0 fp=0x4000197fb0 sp=0x4000197ea0 pc=0x654930
net/http.(*Transport).dialConn.gowrap3()
	/usr/local/go/src/net/http/transport.go:1800 +0x28 fp=0x4000197fd0 sp=0x4000197fb0 pc=0x651618
runtime.goexit({})
	/usr/local/go/src/runtime/asm_arm64.s:1222 +0x4 fp=0x4000197fd0 sp=0x4000197fd0 pc=0x487b24
created by net/http.(*Transport).dialConn in goroutine 13
	/usr/local/go/src/net/http/transport.go:1800 +0x1060

goroutine 82 gp=0x400011ce00 m=nil [IO wait, 1 minutes]:
runtime.gopark(0x400020fe18?, 0x5a173c?, 0xa8?, 0xfc?, 0x6901001c?)
	/usr/local/go/src/runtime/proc.go:402 +0xc8 fp=0x400020f660 sp=0x400020f640 pc=0x454578
runtime.netpollblock(0x0?, 0xffffffff?, 0xff?)
	/usr/local/go/src/runtime/netpoll.go:573 +0x158 fp=0x400020f6a0 sp=0x400020f660 pc=0x44d5c8
internal/poll.runtime_pollWait(0x7f54288348, 0x72)
	/usr/local/go/src/runtime/netpoll.go:345 +0xa0 fp=0x400020f6d0 sp=0x400020f6a0 pc=0x482270
internal/poll.(*pollDesc).wait(0x400084cb00?, 0x4000240000?, 0x0)
	/usr/local/go/src/internal/poll/fd_poll_runtime.go:84 +0x28 fp=0x400020f700 sp=0x400020f6d0 pc=0x4bfe18
internal/poll.(*pollDesc).waitRead(...)
	/usr/local/go/src/internal/poll/fd_poll_runtime.go:89
internal/poll.(*FD).Read(0x400084cb00, {0x4000240000, 0x1300, 0x1300})
	/usr/local/go/src/internal/poll/fd_unix.go:164 +0x200 fp=0x400020f7a0 sp=0x400020f700 pc=0x4c08d0
net.(*netFD).Read(0x400084cb00, {0x4000240000?, 0x7f46570fd8?, 0x40009c4258?})
	/usr/local/go/src/net/fd_posix.go:55 +0x28 fp=0x400020f7f0 sp=0x400020f7a0 pc=0x5a2aa8
net.(*conn).Read(0x4000870070, {0x4000240000?, 0x400020f8e8?, 0x42742c?})
	/usr/local/go/src/net/net.go:185 +0x34 fp=0x400020f840 sp=0x400020f7f0 pc=0x5abfa4
net.(*TCPConn).Read(0x400020f8b8?, {0x4000240000?, 0x0?, 0x0?})
	<autogenerated>:1 +0x2c fp=0x400020f870 sp=0x400020f840 pc=0x5b58bc
github.com/refraction-networking/utls.(*atLeastReader).Read(0x40009c4258, {0x4000240000?, 0x0?, 0x40009c4258?})
	/go/pkg/mod/github.com/refraction-networking/utls@v1.3.3/conn.go:791 +0x40 fp=0x400020f8c0 sp=0x400020f870 pc=0x691750
bytes.(*Buffer).ReadFrom(0x40001a62b8, {0x8e9040, 0x40009c4258})
	/usr/local/go/src/bytes/buffer.go:211 +0x90 fp=0x400020f920 sp=0x400020f8c0 pc=0x499f70
github.com/refraction-networking/utls.(*Conn).readFromUntil(0x40001a6008, {0x8e8e60, 0x4000870070}, 0x42f494?)
	/go/pkg/mod/github.com/refraction-networking/utls@v1.3.3/conn.go:813 +0xd0 fp=0x400020f960 sp=0x400020f920 pc=0x691930
github.com/refraction-networking/utls.(*Conn).readRecordOrCCS(0x40001a6008, 0x0)
	/go/pkg/mod/github.com/refraction-networking/utls@v1.3.3/conn.go:620 +0x224 fp=0x400020fbc0 sp=0x400020f960 pc=0x68f204
github.com/refraction-networking/utls.(*Conn).readRecord(...)
	/go/pkg/mod/github.com/refraction-networking/utls@v1.3.3/conn.go:586
github.com/refraction-networking/utls.(*Conn).Read(0x40001a6008, {0x40002f4000, 0x1000, 0x0?})
	/go/pkg/mod/github.com/refraction-networking/utls@v1.3.3/conn.go:1328 +0x168 fp=0x400020fc30 sp=0x400020fbc0 pc=0x6949d8
github.com/refraction-networking/utls.(*UConn).Read(0x4000082380?, {0x40002f4000?, 0x400020fce8?, 0x41f1d8?})
	<autogenerated>:1 +0x2c fp=0x400020fc60 sp=0x400020fc30 pc=0x6d2abc
net/http.(*persistConn).Read(0x4000000fc0, {0x40002f4000?, 0x41f790?, 0x4000208060?})
	/usr/local/go/src/net/http/transport.go:1977 +0x50 fp=0x400020fcc0 sp=0x400020fc60 pc=0x6520e0
bufio.(*Reader).fill(0x40000cd8c0)
	/usr/local/go/src/bufio/bufio.go:110 +0xf8 fp=0x400020fd00 sp=0x400020fcc0 pc=0x52b738
bufio.(*Reader).Peek(0x40000cd8c0, 0x1)
	/usr/local/go/src/bufio/bufio.go:148 +0x60 fp=0x400020fd20 sp=0x400020fd00 pc=0x52b8a0
net/http.(*persistConn).readLoop(0x4000000fc0)
	/usr/local/go/src/net/http/transport.go:2141 +0x158 fp=0x400020ffb0 sp=0x400020fd20 pc=0x653068
net/http.(*Transport).dialConn.gowrap2()
	/usr/local/go/src/net/http/transport.go:1799 +0x28 fp=0x400020ffd0 sp=0x400020ffb0 pc=0x651678
runtime.goexit({})
	/usr/local/go/src/runtime/asm_arm64.s:1222 +0x4 fp=0x400020ffd0 sp=0x400020ffd0 pc=0x487b24
created by net/http.(*Transport).dialConn in goroutine 75
	/usr/local/go/src/net/http/transport.go:1799 +0x1018

goroutine 72 gp=0x400011d180 m=nil [IO wait, 1 minutes]:
runtime.gopark(0x0?, 0x0?, 0x0?, 0x0?, 0x0?)
	/usr/local/go/src/runtime/proc.go:402 +0xc8 fp=0x4000198660 sp=0x4000198640 pc=0x454578
runtime.netpollblock(0x0?, 0xffffffff?, 0xff?)
	/usr/local/go/src/runtime/netpoll.go:573 +0x158 fp=0x40001986a0 sp=0x4000198660 pc=0x44d5c8
internal/poll.runtime_pollWait(0x7f54288440, 0x72)
	/usr/local/go/src/runtime/netpoll.go:345 +0xa0 fp=0x40001986d0 sp=0x40001986a0 pc=0x482270
internal/poll.(*pollDesc).wait(0x400029c500?, 0x40002ba000?, 0x0)
	/usr/local/go/src/internal/poll/fd_poll_runtime.go:84 +0x28 fp=0x4000198700 sp=0x40001986d0 pc=0x4bfe18
internal/poll.(*pollDesc).waitRead(...)
	/usr/local/go/src/internal/poll/fd_poll_runtime.go:89
internal/poll.(*FD).Read(0x400029c500, {0x40002ba000, 0x1300, 0x1300})
	/usr/local/go/src/internal/poll/fd_unix.go:164 +0x200 fp=0x40001987a0 sp=0x4000198700 pc=0x4c08d0
net.(*netFD).Read(0x400029c500, {0x40002ba000?, 0x7f9cd99068?, 0x400000e4b0?})
	/usr/local/go/src/net/fd_posix.go:55 +0x28 fp=0x40001987f0 sp=0x40001987a0 pc=0x5a2aa8
net.(*conn).Read(0x40001b4000, {0x40002ba000?, 0x40001988e8?, 0x42742c?})
	/usr/local/go/src/net/net.go:185 +0x34 fp=0x4000198840 sp=0x40001987f0 pc=0x5abfa4
net.(*TCPConn).Read(0x40001988b8?, {0x40002ba000?, 0x40001fa1c2?, 0x0?})
	<autogenerated>:1 +0x2c fp=0x4000198870 sp=0x4000198840 pc=0x5b58bc
github.com/refraction-networking/utls.(*atLeastReader).Read(0x400000e4b0, {0x40002ba000?, 0x0?, 0x400000e4b0?})
	/go/pkg/mod/github.com/refraction-networking/utls@v1.3.3/conn.go:791 +0x40 fp=0x40001988c0 sp=0x4000198870 pc=0x691750
bytes.(*Buffer).ReadFrom(0x400017b7b8, {0x8e9040, 0x400000e4b0})
	/usr/local/go/src/bytes/buffer.go:211 +0x90 fp=0x4000198920 sp=0x40001988c0 pc=0x499f70
github.com/refraction-networking/utls.(*Conn).readFromUntil(0x400017b508, {0x8e8e60, 0x40001b4000}, 0x42f494?)
	/go/pkg/mod/github.com/refraction-networking/utls@v1.3.3/conn.go:813 +0xd0 fp=0x4000198960 sp=0x4000198920 pc=0x691930
github.com/refraction-networking/utls.(*Conn).readRecordOrCCS(0x400017b508, 0x0)
	/go/pkg/mod/github.com/refraction-networking/utls@v1.3.3/conn.go:620 +0x224 fp=0x4000198bc0 sp=0x4000198960 pc=0x68f204
github.com/refraction-networking/utls.(*Conn).readRecord(...)
	/go/pkg/mod/github.com/refraction-networking/utls@v1.3.3/conn.go:586
github.com/refraction-networking/utls.(*Conn).Read(0x400017b508, {0x40001a2000, 0x1000, 0x4000062d00?})
	/go/pkg/mod/github.com/refraction-networking/utls@v1.3.3/conn.go:1328 +0x168 fp=0x4000198c30 sp=0x4000198bc0 pc=0x6949d8
github.com/refraction-networking/utls.(*UConn).Read(0x4000082380?, {0x40001a2000?, 0x4000198ce8?, 0x41f1d8?})
	<autogenerated>:1 +0x2c fp=0x4000198c60 sp=0x4000198c30 pc=0x6d2abc
net/http.(*persistConn).Read(0x4000000c60, {0x40001a2000?, 0x41f790?, 0x4000104780?})
	/usr/local/go/src/net/http/transport.go:1977 +0x50 fp=0x4000198cc0 sp=0x4000198c60 pc=0x6520e0
bufio.(*Reader).fill(0x40004018c0)
	/usr/local/go/src/bufio/bufio.go:110 +0xf8 fp=0x4000198d00 sp=0x4000198cc0 pc=0x52b738
bufio.(*Reader).Peek(0x40004018c0, 0x1)
	/usr/local/go/src/bufio/bufio.go:148 +0x60 fp=0x4000198d20 sp=0x4000198d00 pc=0x52b8a0
net/http.(*persistConn).readLoop(0x4000000c60)
	/usr/local/go/src/net/http/transport.go:2141 +0x158 fp=0x4000198fb0 sp=0x4000198d20 pc=0x653068
net/http.(*Transport).dialConn.gowrap2()
	/usr/local/go/src/net/http/transport.go:1799 +0x28 fp=0x4000198fd0 sp=0x4000198fb0 pc=0x651678
runtime.goexit({})
	/usr/local/go/src/runtime/asm_arm64.s:1222 +0x4 fp=0x4000198fd0 sp=0x4000198fd0 pc=0x487b24
created by net/http.(*Transport).dialConn in goroutine 42
	/usr/local/go/src/net/http/transport.go:1799 +0x1018

goroutine 73 gp=0x400011d500 m=nil [select, 1 minutes]:
runtime.gopark(0x4000196f38?, 0x2?, 0xf8?, 0x6d?, 0x4000196ee4?)
	/usr/local/go/src/runtime/proc.go:402 +0xc8 fp=0x4000196d90 sp=0x4000196d70 pc=0x454578
runtime.selectgo(0x4000196f38, 0x4000196ee0, 0x40001a4ac0?, 0x0, 0x4000283350?, 0x1)
	/usr/local/go/src/runtime/select.go:327 +0x614 fp=0x4000196ea0 sp=0x4000196d90 pc=0x467004
net/http.(*persistConn).writeLoop(0x4000000c60)
	/usr/local/go/src/net/http/transport.go:2458 +0xa0 fp=0x4000196fb0 sp=0x4000196ea0 pc=0x654930
net/http.(*Transport).dialConn.gowrap3()
	/usr/local/go/src/net/http/transport.go:1800 +0x28 fp=0x4000196fd0 sp=0x4000196fb0 pc=0x651618
runtime.goexit({})
	/usr/local/go/src/runtime/asm_arm64.s:1222 +0x4 fp=0x4000196fd0 sp=0x4000196fd0 pc=0x487b24
created by net/http.(*Transport).dialConn in goroutine 42
	/usr/local/go/src/net/http/transport.go:1800 +0x1060

goroutine 90 gp=0x400029f340 m=nil [IO wait]:
runtime.gopark(0x400029f340?, 0x4000040f08?, 0x0?, 0x0?, 0x0?)
	/usr/local/go/src/runtime/proc.go:402 +0xc8 fp=0x40001eb650 sp=0x40001eb630 pc=0x454578
runtime.netpollblock(0x0?, 0xffffffff?, 0xff?)
	/usr/local/go/src/runtime/netpoll.go:573 +0x158 fp=0x40001eb690 sp=0x40001eb650 pc=0x44d5c8
internal/poll.runtime_pollWait(0x7f54288250, 0x72)
	/usr/local/go/src/runtime/netpoll.go:345 +0xa0 fp=0x40001eb6c0 sp=0x40001eb690 pc=0x482270
internal/poll.(*pollDesc).wait(0x400029c680?, 0x40000a4000?, 0x0)
	/usr/local/go/src/internal/poll/fd_poll_runtime.go:84 +0x28 fp=0x40001eb6f0 sp=0x40001eb6c0 pc=0x4bfe18
internal/poll.(*pollDesc).waitRead(...)
	/usr/local/go/src/internal/poll/fd_poll_runtime.go:89
internal/poll.(*FD).Read(0x400029c680, {0x40000a4000, 0xa000, 0xa000})
	/usr/local/go/src/internal/poll/fd_unix.go:164 +0x200 fp=0x40001eb790 sp=0x40001eb6f0 pc=0x4c08d0
net.(*netFD).Read(0x400029c680, {0x40000a4000?, 0x7f55304dc0?, 0x4001b41560?})
	/usr/local/go/src/net/fd_posix.go:55 +0x28 fp=0x40001eb7e0 sp=0x40001eb790 pc=0x5a2aa8
net.(*conn).Read(0x40001b4048, {0x40000a4000?, 0x40001eb8d8?, 0x42742c?})
	/usr/local/go/src/net/net.go:185 +0x34 fp=0x40001eb830 sp=0x40001eb7e0 pc=0x5abfa4
net.(*TCPConn).Read(0x40001eb8a8?, {0x40000a4000?, 0x40000a662c?, 0x428a34?})
	<autogenerated>:1 +0x2c fp=0x40001eb860 sp=0x40001eb830 pc=0x5b58bc
crypto/tls.(*atLeastReader).Read(0x4001b41560, {0x40000a4000?, 0x0?, 0x4001b41560?})
	/usr/local/go/src/crypto/tls/conn.go:806 +0x40 fp=0x40001eb8b0 sp=0x40001eb860 pc=0x5dbbc0
bytes.(*Buffer).ReadFrom(0x40001a69b0, {0x8e94c0, 0x4001b41560})
	/usr/local/go/src/bytes/buffer.go:211 +0x90 fp=0x40001eb910 sp=0x40001eb8b0 pc=0x499f70
crypto/tls.(*Conn).readFromUntil(0x40001a6708, {0x8e8e60, 0x40001b4048}, 0x40001eb9b0?)
	/usr/local/go/src/crypto/tls/conn.go:828 +0xd0 fp=0x40001eb950 sp=0x40001eb910 pc=0x5dbda0
crypto/tls.(*Conn).readRecordOrCCS(0x40001a6708, 0x0)
	/usr/local/go/src/crypto/tls/conn.go:626 +0x35c fp=0x40001ebbd0 sp=0x40001eb950 pc=0x5d953c
crypto/tls.(*Conn).readRecord(...)
	/usr/local/go/src/crypto/tls/conn.go:588
crypto/tls.(*Conn).Read(0x40001a6708, {0x40000a0000, 0x1000, 0x63b05c?})
	/usr/local/go/src/crypto/tls/conn.go:1370 +0x168 fp=0x40001ebc40 sp=0x40001ebbd0 pc=0x5df4c8
bufio.(*Reader).Read(0x40002d93e0, {0x400025c3c0, 0x9, 0xb35220?})
	/usr/local/go/src/bufio/bufio.go:241 +0x1b4 fp=0x40001ebc80 sp=0x40001ebc40 pc=0x52bd14
io.ReadAtLeast({0x8e8a00, 0x40002d93e0}, {0x400025c3c0, 0x9, 0x9}, 0x9)
	/usr/local/go/src/io/io.go:335 +0xa0 fp=0x40001ebcd0 sp=0x40001ebc80 pc=0x4926b0
io.ReadFull(...)
	/usr/local/go/src/io/io.go:354
net/http.http2readFrameHeader({0x400025c3c0, 0x9, 0x40000b44e0?}, {0x8e8a00?, 0x40002d93e0?})
	/usr/local/go/src/net/http/h2_bundle.go:1638 +0x58 fp=0x40001ebd20 sp=0x40001ebcd0 pc=0x627298
net/http.(*http2Framer).ReadFrame(0x400025c380)
	/usr/local/go/src/net/http/h2_bundle.go:1905 +0x78 fp=0x40001ebdd0 sp=0x40001ebd20 pc=0x6278c8
net/http.(*http2clientConnReadLoop).run(0x40001ebf98)
	/usr/local/go/src/net/http/h2_bundle.go:9342 +0xf8 fp=0x40001ebf40 sp=0x40001ebdd0 pc=0x637fe8
net/http.(*http2ClientConn).readLoop(0x400025a180)
	/usr/local/go/src/net/http/h2_bundle.go:9237 +0x5c fp=0x40001ebfb0 sp=0x40001ebf40 pc=0x63750c
net/http.(*http2Transport).newClientConn.gowrap1()
	/usr/local/go/src/net/http/h2_bundle.go:7887 +0x28 fp=0x40001ebfd0 sp=0x40001ebfb0 pc=0x630f28
runtime.goexit({})
	/usr/local/go/src/runtime/asm_arm64.s:1222 +0x4 fp=0x40001ebfd0 sp=0x40001ebfd0 pc=0x487b24
created by net/http.(*http2Transport).newClientConn in goroutine 89
	/usr/local/go/src/net/http/h2_bundle.go:7887 +0xa84
